Link KawalPemilu,Nama Kelurahan,Nomor TPS,Suara 01,Suara 02,Suara Sah
https://kawalpemilu.org#748,"BUKIT DINDENG, JULOK, ACEH TIMUR, ACEH",2,13,130,143
https://kawalpemilu.org#6514,"GAMPONG COT BA' U, SUKAJAYA, KOTA SABANG, ACEH",20,7,88,95
https://kawalpemilu.org#3923,"MATANG PANYANG, BAKTIYA BARAT, ACEH UTARA, ACEH",2,0,0,0
https://kawalpemilu.org#2535,"KRUENG JANGKO, GEULUMPANG TIGA, PIDIE, ACEH",1,15,159,174
https://kawalpemilu.org#2304,"CUCUM, KOTA JANTHO, ACEH BESAR, ACEH",1,25,130,155
https://kawalpemilu.org#929299,"BABAH LHUNG, BLANG PIDIE, ACEH BARAT DAYA, ACEH",2,11,222,233
https://kawalpemilu.org#295,"PULO GADUNG, LAWE ALAS, ACEH TENGGARA, ACEH",1,11,204,215
https://kawalpemilu.org#3912,"BUKET LINTEUNG, LANGKAHAN, ACEH UTARA, ACEH",55,32,115,147
https://kawalpemilu.org#3408,"TEUNGOH GLUMPANG VII, MATANGKULI, ACEH UTARA, ACEH",33,15,201,216
https://kawalpemilu.org#3627,"MEUCAT, SYAMTALIRA ARON, ACEH UTARA, ACEH",17,10,176,186
https://kawalpemilu.org#5638,"SUAK BILIE, SUKA MAKMUE, NAGAN RAYA, ACEH",1,4,175,179
https://kawalpemilu.org#3383,"BULOH, LHOKSUKON, ACEH UTARA, ACEH",1,4,112,116
https://kawalpemilu.org#6086,"KERLANG, SYIAH UTAMA, BENER MERIAH, ACEH",1,31,34,65
https://kawalpemilu.org#307,"SUKA DAMAI, LAWE SIGALA-GALA, ACEH TENGGARA, ACEH",1,18,171,189
https://kawalpemilu.org#3460,"PALOH RAYA, MUARA BATU, ACEH UTARA, ACEH",70,7,189,196
https://kawalpemilu.org#3817,"PAYA GABOH, SAWANG, ACEH UTARA, ACEH",54,8,164,172
https://kawalpemilu.org#802,"ALUE TEH, BIREM BAYEUN, ACEH TIMUR, ACEH",2,17,157,174
https://kawalpemilu.org#4480,"BLANG MATANG, PEUDADA, BIREUEN, ACEH",1,15,198,213
https://kawalpemilu.org#1498,"UJONG BAROH, JOHAN PAHWALAN, ACEH BARAT, ACEH",8,26,202,228
https://kawalpemilu.org#6523,"MEUNASAH MEE, MUARA DUA, KOTA LHOKSEUMAWE, ACEH",3,17,174,191
https://kawalpemilu.org#3122,"DAYAH KUMBA, MUTIARA TIMUR, PIDIE, ACEH",1,6,173,179
https://kawalpemilu.org#6493,"CEURIH, ULEE KARENG, KOTA BANDA ACEH, ACEH",2,21,160,181
https://kawalpemilu.org#53910,"BANYUNING, BULELENG, BULELENG, BALI",43,140,17,157
https://kawalpemilu.org#54001,"DAUH PURI, DENPASAR BARAT, KOTA DENPASAR, BALI",2,86,119,205
https://kawalpemilu.org#53667,"TAMANBALI, BANGLI, BANGLI, BALI",26,159,10,169
https://kawalpemilu.org#54006,"PADANGSAMBIAN, DENPASAR BARAT, KOTA DENPASAR, BALI",1,238,4,242
https://kawalpemilu.org#54006,"PADANGSAMBIAN, DENPASAR BARAT, KOTA DENPASAR, BALI",24,147,10,157
https://kawalpemilu.org#53811,"TULAMBEN, KUBU, KARANGASEM, BALI",26,117,3,120
https://kawalpemilu.org#53975,"PEDUNGAN, DENPASAR SELATAN, KOTA DENPASAR, BALI",15,183,19,202
https://kawalpemilu.org#53534,"ABIANBASE, GIANYAR, GIANYAR, BALI",16,206,18,224
https://kawalpemilu.org#53285,"TUWED, MELAYA, JEMBRANA, BALI",9,134,42,176
https://kawalpemilu.org#53575,"TARO, TEGALALLANG, GIANYAR, BALI",27,163,5,168
https://kawalpemilu.org#53813,"SUKADANA, KUBU, KARANGASEM, BALI",14,129,7,5
https://kawalpemilu.org#53384,"SELANBAWAK, MARGA, TABANAN, BALI",7,237,11,248
https://kawalpemilu.org#53366,"BUWIT, KEDIRI, TABANAN, BALI",5,171,20,191
https://kawalpemilu.org#53531,"BONA, BLAHBATUH, GIANYAR, BALI",10,222,15,237
https://kawalpemilu.org#53497,"JIMBARAN, KUTA SELATAN, BADUNG, BALI",81,176,17,193
https://kawalpemilu.org#53269,"MEDEWI, PEKUTATAN, JEMBRANA, BALI",13,169,18,187
https://kawalpemilu.org#53012,"CIBODASARI, CIBODAS, KOTA TANGERANG, BANTEN",55,122,154,276
https://kawalpemilu.org#52473,"BINONG, CURUG, TANGERANG, BANTEN",54,62,58,120
https://kawalpemilu.org#52781,"BOJONG PANDAN, TUNJUNG TEJA, SERANG, BANTEN",12,67,127,194
https://kawalpemilu.org#52548,"CURUG SANGERENG, KELAPA DUA, TANGERANG, BANTEN",33,227,13,240
https://kawalpemilu.org#53114,"UNYUR, SERANG, KOTA SERANG, BANTEN",8,60,167,227
https://kawalpemilu.org#52963,"JURUMUDI, BENDA, KOTA TANGERANG, BANTEN",39,39,150,189
https://kawalpemilu.org#53012,"CIBODASARI, CIBODAS, KOTA TANGERANG, BANTEN",13,68,117,185
https://kawalpemilu.org#52690,"KENCANA HARAPAN, LEBAK WANGI, SERANG, BANTEN",4,26,144,170
https://kawalpemilu.org#51701,"CIGONDANG, LABUAN, PANDEGLANG, BANTEN",6,74,121,195
https://kawalpemilu.org#51654,"PASANGGRAHAN, MUNJUL, PANDEGLANG, BANTEN",7,81,138,219
https://kawalpemilu.org#53034,"PANUNGGANGAN, PINANG, KOTA TANGERANG, BANTEN",2,129,100,229
https://kawalpemilu.org#51830,"CISEREH, CISATA, PANDEGLANG, BANTEN",4,60,111,171
https://kawalpemilu.org#51649,"SUMURLABAN, ANGSANA, PANDEGLANG, BANTEN",5,66,130,196
https://kawalpemilu.org#52204,"GUNUNGBATU, CILOGRANG, LEBAK, BANTEN",2,31,168,199
https://kawalpemilu.org#52623,"BOJONEGARA, BOJONEGARA, SERANG, BANTEN",1,31,205,236
https://kawalpemilu.org#53238,"KADEMANGAN, SETU, KOTA TANGERANG SELATAN, BANTEN",13,91,125,216
https://kawalpemilu.org#52858,"PABUARAN, PABUARAN, SERANG, BANTEN",1,20,202,222
https://kawalpemilu.org#52875,"KALUMPANG, PADARINCANG, SERANG, BANTEN",7,77,188,265
https://kawalpemilu.org#53071,"MEKARSARI, PULOMERAK, KOTA CILEGON, BANTEN",19,72,148,220
https://kawalpemilu.org#52831,"CARENANG UDIK, KOPO, SERANG, BANTEN",4,80,130,210
https://kawalpemilu.org#52823,"PASIRLIMUS, PAMARAYAN, SERANG, BANTEN",16,116,86,202
https://kawalpemilu.org#52419,"GELAM JAYA, PASAR KEMIS, TANGERANG, BANTEN",33,0,0,0
https://kawalpemilu.org#53208,"JURANGMANGU TIMUR, PONDOK AREN, KOTA TANGERANG SELATAN, BANTEN",51,49,171,220
https://kawalpemilu.org#52473,"BINONG, CURUG, TANGERANG, BANTEN",158,134,13,147
https://kawalpemilu.org#53013,"CIBODAS BARU, CIBODAS, KOTA TANGERANG, BANTEN",6,80,94,174
https://kawalpemilu.org#52071,"SAJIRA, SAJIRA, LEBAK, BANTEN",7,16,190,206
https://kawalpemilu.org#52511,"RANCAGONG, LEGOK, TANGERANG, BANTEN",22,97,107,204
https://kawalpemilu.org#52427,"KAMPUNG MELAYU TIMUR, TELUKNAGA, TANGERANG, BANTEN",9,66,152,218
https://kawalpemilu.org#52957,"PORIS GAGA BARU, BATUCEPER, KOTA TANGERANG, BANTEN",11,80,126,206
https://kawalpemilu.org#52418,"PANGADEGAN, PASAR KEMIS, TANGERANG, BANTEN",18,50,59,109
https://kawalpemilu.org#52968,"CIPONDOH, CIPONDOH, KOTA TANGERANG, BANTEN",38,98,71,169
https://kawalpemilu.org#52617,"SUKABARES, WARINGINKURUNG, SERANG, BANTEN",9,43,106,149
https://kawalpemilu.org#53178,"TAMAN BARU, TAKTAKAN, KOTA SERANG, BANTEN",11,87,153,240
https://kawalpemilu.org#53162,"BANJAR SARI, CIPOCOK JAYA, KOTA SERANG, BANTEN",36,39,130,169
https://kawalpemilu.org#53002,"PASAR BARU, KARAWACI, KOTA TANGERANG, BANTEN",6,105,114,219
https://kawalpemilu.org#51607,"MAHENDRA, CIBALIUNG, PANDEGLANG, BANTEN",2,105,120,225
https://kawalpemilu.org#52968,"CIPONDOH, CIPONDOH, KOTA TANGERANG, BANTEN",61,132,134,266
https://kawalpemilu.org#52391,"RAWA KIDANG, SUKADIRI, TANGERANG, BANTEN",7,35,152,187
https://kawalpemilu.org#52412,"SINDANGSARI, PASAR KEMIS, TANGERANG, BANTEN",21,62,128,190
https://kawalpemilu.org#52966,"JURUMUDI BARU, BENDA, KOTA TANGERANG, BANTEN",2,40,132,172
https://kawalpemilu.org#51586,"TAMANJAYA, SUMUR, PANDEGLANG, BANTEN",8,116,16,132
https://kawalpemilu.org#51596,"CIMANGGU, CIMANGGU, PANDEGLANG, BANTEN",2,112,77,189
https://kawalpemilu.org#21287,"PADANG BENDAR, HULU PALIK, BENGKULU UTARA, BENGKULU",4,83,59,142
https://kawalpemilu.org#21322,"DATAR RUYUNG, ARGA MAKMUR, BENGKULU UTARA, BENGKULU",1,98,139,237
https://kawalpemilu.org#22282,"BAJAK, TELUK SEGARA, KOTA BENGKULU, BENGKULU",5,48,90,138
https://kawalpemilu.org#21192,"DUKU ULU, CURUP TIMUR, REJANG LEBONG, BENGKULU",3,78,118,196
https://kawalpemilu.org#22054,"BIOA SENGOK, RIMBO PENGADANG, LEBONG, BENGKULU",4,134,63,197
https://kawalpemilu.org#22259,"SUMUR DEWA, SELEBAR, KOTA BENGKULU, BENGKULU",23,66,160,226
https://kawalpemilu.org#87341,"TANJUNG MUARA, PINANG RAYA, BENGKULU UTARA, BENGKULU",2,75,51,126
https://kawalpemilu.org#21294,"TALANG RENDAH, HULU PALIK, BENGKULU UTARA, BENGKULU",2,168,81,249
https://kawalpemilu.org#42110,"PAMPANG, PALIYAN, GUNUNGKIDUL, DAERAH ISTIMEWA YOGYAKARTA",3,98,45,143
https://kawalpemilu.org#42303,"PONDOKREJO, TEMPEL, SLEMAN, DAERAH ISTIMEWA YOGYAKARTA",2,156,89,245
https://kawalpemilu.org#42018,"MANGUNAN, DLINGO, BANTUL, DAERAH ISTIMEWA YOGYAKARTA",1,161,12,173
https://kawalpemilu.org#42046,"BANGUNHARJO, SEWON, BANTUL, DAERAH ISTIMEWA YOGYAKARTA",70,177,34,211
https://kawalpemilu.org#42274,"BOKOHARJO, PRAMBANAN, SLEMAN, DAERAH ISTIMEWA YOGYAKARTA",30,139,81,220
https://kawalpemilu.org#42140,"NGIPAK, KARANGMOJO, GUNUNGKIDUL, DAERAH ISTIMEWA YOGYAKARTA",6,150,75,225
https://kawalpemilu.org#41903,"BANARAN, GALUR, KULON PROGO, DAERAH ISTIMEWA YOGYAKARTA",12,90,145,235
https://kawalpemilu.org#41922,"SUKORENO, SENTOLO, KULON PROGO, DAERAH ISTIMEWA YOGYAKARTA",19,207,47,254
https://kawalpemilu.org#42284,"WEDOMARTANI, NGEMPLAK, SLEMAN, DAERAH ISTIMEWA YOGYAKARTA",82,97,48,145
https://kawalpemilu.org#42164,"MELIKAN, RONGKOP, GUNUNGKIDUL, DAERAH ISTIMEWA YOGYAKARTA",5,176,49,225
https://kawalpemilu.org#41972,"SRIGADING, SANDEN, BANTUL, DAERAH ISTIMEWA YOGYAKARTA",36,156,34,190
https://kawalpemilu.org#42370,"KEPARAKAN, MERGANGSAN, KOTA YOGYAKARTA, DAERAH ISTIMEWA YOGYAKARTA",1,149,53,202
https://kawalpemilu.org#42312,"WONOKERTO, TURI, SLEMAN, DAERAH ISTIMEWA YOGYAKARTA",20,131,58,189
https://kawalpemilu.org#42231,"SIDOMULYO, GODEAN, SLEMAN, DAERAH ISTIMEWA YOGYAKARTA",1,145,73,218
https://kawalpemilu.org#42310,"DONOKERTO, TURI, SLEMAN, DAERAH ISTIMEWA YOGYAKARTA",18,105,114,219
https://kawalpemilu.org#25970,"KALIDERES, KALIDERES, JAKARTA BARAT, DKI JAKARTA",137,85,116,201
https://kawalpemilu.org#26061,"BINTARO, PESANGGRAHAN, JAKARTA SELATAN, DKI JAKARTA",37,106,65,171
https://kawalpemilu.org#26014,"PASAR MINGGU, PASAR MINGGU, JAKARTA SELATAN, DKI JAKARTA",48,163,78,241
https://kawalpemilu.org#26109,"PULO GEBANG, CAKUNG, JAKARTA TIMUR, DKI JAKARTA",107,92,85,177
https://kawalpemilu.org#26115,"KLENDER, DUREN SAWIT, JAKARTA TIMUR, DKI JAKARTA",174,57,181,238
https://kawalpemilu.org#26057,"TANJUNG BARAT, JAGAKARSA, JAKARTA SELATAN, DKI JAKARTA",29,123,55,178
https://kawalpemilu.org#26006,"KUNINGAN TIMUR, SETIABUDI, JAKARTA SELATAN, DKI JAKARTA",9,103,156,259
https://kawalpemilu.org#25840,"DURI PULO, GAMBIR, JAKARTA PUSAT, DKI JAKARTA",27,84,153,237
https://kawalpemilu.org#25931,"CENGKARENG TIMUR, CENGKARENG, JAKARTA BARAT, DKI JAKARTA",60,123,112,235
https://kawalpemilu.org#26058,"CIPEDAK, JAGAKARSA, JAKARTA SELATAN, DKI JAKARTA",33,91,111,202
https://kawalpemilu.org#26100,"KALISARI, PASAR REBO, JAKARTA TIMUR, DKI JAKARTA",31,88,158,246
https://kawalpemilu.org#25978,"KOTA BAMBU UTARA, PALMERAH, JAKARTA BARAT, DKI JAKARTA",38,68,131,199
https://kawalpemilu.org#25948,"PINANGSIA, TAMAN SARI, JAKARTA BARAT, DKI JAKARTA",18,104,84,188
https://kawalpemilu.org#26033,"CIPETE SELATAN, CILANDAK, JAKARTA SELATAN, DKI JAKARTA",45,113,120,233
https://kawalpemilu.org#25972,"TEGAL ALUR, KALIDERES, JAKARTA BARAT, DKI JAKARTA",275,106,80,186
https://kawalpemilu.org#25930,"KAPUK, CENGKARENG, JAKARTA BARAT, DKI JAKARTA",82,144,105,249
https://kawalpemilu.org#26004,"PASAR MANGGIS, SETIABUDI, JAKARTA SELATAN, DKI JAKARTA",34,74,116,190
https://kawalpemilu.org#26139,"LUBANG BUAYA, CIPAYUNG, JAKARTA TIMUR, DKI JAKARTA",83,114,145,259
https://kawalpemilu.org#26128,"CIBUBUR, CIRACAS, JAKARTA TIMUR, DKI JAKARTA",187,113,144,257
https://kawalpemilu.org#25913,"SEMPER TIMUR, CILINCING, JAKARTA UTARA, DKI JAKARTA",91,113,114,227
https://kawalpemilu.org#25993,"MENTENG DALAM, TEBET, JAKARTA SELATAN, DKI JAKARTA",43,88,137,225
https://kawalpemilu.org#26109,"PULO GEBANG, CAKUNG, JAKARTA TIMUR, DKI JAKARTA",82,100,120,220
https://kawalpemilu.org#26018,"PEJATEN TIMUR, PASAR MINGGU, JAKARTA SELATAN, DKI JAKARTA",112,59,133,192
https://kawalpemilu.org#26087,"CIPINANG MUARA, JATINEGARA, JAKARTA TIMUR, DKI JAKARTA",9,107,115,1
https://kawalpemilu.org#26032,"GANDARIA SELATAN, CILANDAK, JAKARTA SELATAN, DKI JAKARTA",23,102,71,173
https://kawalpemilu.org#25851,"SERDANG, KEMAYORAN, JAKARTA PUSAT, DKI JAKARTA",85,126,121,247
https://kawalpemilu.org#26094,"BATU AMPAR, KRAMATJATI, JAKARTA TIMUR, DKI JAKARTA",54,75,156,231
https://kawalpemilu.org#26062,"PETUKANGAN UTARA, PESANGGRAHAN, JAKARTA SELATAN, DKI JAKARTA",14,101,129,230
https://kawalpemilu.org#25915,"SEMPER BARAT, CILINCING, JAKARTA UTARA, DKI JAKARTA",211,47,139,186
https://kawalpemilu.org#25836,"CIDENG, GAMBIR, JAKARTA PUSAT, DKI JAKARTA",20,187,46,233
https://kawalpemilu.org#25926,"CENGKARENG BARAT, CENGKARENG, JAKARTA BARAT, DKI JAKARTA",102,148,52,200
https://kawalpemilu.org#25993,"MENTENG DALAM, TEBET, JAKARTA SELATAN, DKI JAKARTA",77,68,171,239
https://kawalpemilu.org#26075,"PISANGAN TIMUR, PULOGADUNG, JAKARTA TIMUR, DKI JAKARTA",103,88,166,254
https://kawalpemilu.org#25927,"DURI KOSAMBI, CENGKARENG, JAKARTA BARAT, DKI JAKARTA",85,108,132,240
https://kawalpemilu.org#25992,"TEBET BARAT, TEBET, JAKARTA SELATAN, DKI JAKARTA",35,84,100,184
https://kawalpemilu.org#25995,"BUKIT DURI, TEBET, JAKARTA SELATAN, DKI JAKARTA",58,72,148,220
https://kawalpemilu.org#85905,"BOTUWOMBATA, KWANDANG, GORONTALO UTARA, GORONTALO",1,104,83,187
https://kawalpemilu.org#74772,"KAYUBULAN, BATUDAA PANTAI, GORONTALO, GORONTALO",5,116,134,250
https://kawalpemilu.org#75394,"HELEDULAA UTARA, KOTA TIMUR, KOTA GORONTALO, GORONTALO",3,66,81,147
https://kawalpemilu.org#75423,"DONGGALA, HULONTHALANGI, KOTA GORONTALO, GORONTALO",9,25,90,115
https://kawalpemilu.org#85910,"TUTUWOTO, ANGGREK, GORONTALO UTARA, GORONTALO",2,79,69,148
https://kawalpemilu.org#17169,"SUNGAI PINANG, BUNGO DANI, BUNGO, JAMBI",4,19,187,206
https://kawalpemilu.org#17350,"THEHOK, JAMBI SELATAN, KOTA JAMBI, JAMBI",45,61,85,146
https://kawalpemilu.org#16376,"MERANTI, RENAH PAMENANG, MERANGIN, JAMBI",1,142,55,197
https://kawalpemilu.org#16943,"MARGO RUKUN, SENYERANG, TANJUNG JABUNG BARAT, JAMBI",2,82,76,158
https://kawalpemilu.org#16072,"LEMPUR DANAU, KELILING DANAU, KERINCI, JAMBI",1,35,196,231
https://kawalpemilu.org#15893,"TALANG LINDUNG, SUNGAI BUNGKAL, KOTA SUNGAI PENUH, JAMBI",2,39,179,218
https://kawalpemilu.org#16939,"SENYERANG, SENYERANG, TANJUNG JABUNG BARAT, JAMBI",17,8,25,33
https://kawalpemilu.org#17007,"KOTO KANDIS, DENDANG, TANJUNG JABUNG TIMUR, JAMBI",4,97,108,205
https://kawalpemilu.org#17175,"PASIR PUTIH, RIMBO TENGAH, BUNGO, JAMBI",33,28,92,120
https://kawalpemilu.org#17021,"TANJUNG SOLOK, KUALA JAMBI, TANJUNG JABUNG TIMUR, JAMBI",8,116,73,189
https://kawalpemilu.org#17390,"KENALI ASAM BAWAH, KOTA BARU, KOTA JAMBI, JAMBI",59,39,143,182
https://kawalpemilu.org#17225,"PELAYANG, TEBO TENGAH, TEBO, JAMBI",5,121,44,165
https://kawalpemilu.org#16961,"NIPAH PANJANG I, NIPAH PANJANG, TANJUNG JABUNG TIMUR, JAMBI",17,39,128,167
https://kawalpemilu.org#17362,"KASANG, JAMBI TIMUR, KOTA JAMBI, JAMBI",16,80,70,150
https://kawalpemilu.org#27444,"SAYATI, MARGAHAYU, BANDUNG, JAWA BARAT",80,56,150,206
https://kawalpemilu.org#26512,"PETIR, DRAMAGA, BOGOR, JAWA BARAT",6,68,184,252
https://kawalpemilu.org#30392,"CIPAMEUNGPEUK, SUMEDANG SELATAN, SUMEDANG, JAWA BARAT",19,101,114,215
https://kawalpemilu.org#31275,"CILEUNCA, BOJONG, PURWAKARTA, JAWA BARAT",1,38,173,211
https://kawalpemilu.org#28575,"CIAMIS, CIAMIS, CIAMIS, JAWA BARAT",37,68,35,103
https://kawalpemilu.org#27032,"SOLOKPANDAN, CIANJUR, CIANJUR, JAWA BARAT",26,42,139,181
https://kawalpemilu.org#28223,"CIDADALI, CIKALONG, TASIKMALAYA, JAWA BARAT",6,33,194,227
https://kawalpemilu.org#29295,"TUNDAGAN, HANTARA, KUNINGAN, JAWA BARAT",3,118,47,165
https://kawalpemilu.org#29222,"CIDAHU, PASAWAHAN, KUNINGAN, JAWA BARAT",5,55,132,187
https://kawalpemilu.org#28744,"MEKARSARI, TAMBAKSARI, CIAMIS, JAWA BARAT",7,133,38,171
https://kawalpemilu.org#26163,"CICADAS, GUNUNG PUTRI, BOGOR, JAWA BARAT",63,33,162,195
https://kawalpemilu.org#89237,"GANDASARI, KADUPANDAK, CIANJUR, JAWA BARAT",8,61,87,148
https://kawalpemilu.org#31645,"MARGAKAYA, TELUKJAMBE BARAT, KARAWANG, JAWA BARAT",3,112,101,213
https://kawalpemilu.org#32508,"BEJI, BEJI, KOTA DEPOK, JAWA BARAT",64,110,72,182
https://kawalpemilu.org#27761,"JATI, TAROGONG KALER, GARUT, JAWA BARAT",11,37,150,187
https://kawalpemilu.org#32266,"KACAPIRING, BATUNUNGGAL, KOTA BANDUNG, JAWA BARAT",26,40,158,198
https://kawalpemilu.org#31011,"MAJASARI, CIBOGO, SUBANG, JAWA BARAT",6,105,102,207
https://kawalpemilu.org#28045,"CISOMPET, CISOMPET, GARUT, JAWA BARAT",14,64,52,116
https://kawalpemilu.org#28313,"TARAJU, TARAJU, TASIKMALAYA, JAWA BARAT",3,40,231,271
https://kawalpemilu.org#29661,"TEGALGUBUG, ARJAWINANGUN, CIREBON, JAWA BARAT",28,154,32,186
https://kawalpemilu.org#27327,"MEKARSARI, NARINGGUL, CIANJUR, JAWA BARAT",8,133,49,182
https://kawalpemilu.org#32562,"PASIRKALIKI, CIMAHI UTARA, KOTA CIMAHI, JAWA BARAT",40,94,122,216
https://kawalpemilu.org#27646,"IBUN, IBUN, BANDUNG, JAWA BARAT",9,81,109,190
https://kawalpemilu.org#31570,"LEMAHDUHUR, TEMPURAN, KARAWANG, JAWA BARAT",15,121,102,223
https://kawalpemilu.org#32323,"ANTAPANI KIDUL, ANTAPANI, KOTA BANDUNG, JAWA BARAT",5,96,123,219
https://kawalpemilu.org#26291,"RAGAJAYA, BOJONG GEDE, BOGOR, JAWA BARAT",40,40,138,178
https://kawalpemilu.org#32205,"LEBAK SILIWANGI, COBLONG, KOTA BANDUNG, JAWA BARAT",10,74,132,206
https://kawalpemilu.org#27318,"KARANGWANGI, CIDAUN, CIANJUR, JAWA BARAT",18,111,14,125
https://kawalpemilu.org#32434,"MEDAN SATRIA, MEDAN SATRIA, KOTA BEKASI, JAWA BARAT",45,57,188,245
https://kawalpemilu.org#27464,"CANGKUANG KULON, DAYEUHKOLOT, BANDUNG, JAWA BARAT",78,84,66,150
https://kawalpemilu.org#32276,"TURANGGA, LENGKONG, KOTA BANDUNG, JAWA BARAT",38,72,115,187
https://kawalpemilu.org#26281,"KEMANG, KEMANG, BOGOR, JAWA BARAT",24,35,105,140
https://kawalpemilu.org#31788,"LABANSARI, CIKARANG TIMUR, BEKASI, JAWA BARAT",12,74,153,227
https://kawalpemilu.org#32066,"WANGUNSARI, SINDANGKERTA, BANDUNG BARAT, JAWA BARAT",17,166,77,243
https://kawalpemilu.org#31633,"SARIMULYA, KOTA BARU, KARAWANG, JAWA BARAT",15,82,134,216
https://kawalpemilu.org#30676,"MARGADADI, INDRAMAYU, INDRAMAYU, JAWA BARAT",8,132,79,211
https://kawalpemilu.org#32550,"CIBEUREUM, CIMAHI SELATAN, KOTA CIMAHI, JAWA BARAT",101,44,151,195
https://kawalpemilu.org#28212,"SARIMUKTI, KARANGNUNGGAL, TASIKMALAYA, JAWA BARAT",15,54,116,170
https://kawalpemilu.org#28751,"KERTAJAYA, LAKBOK, CIAMIS, JAWA BARAT",2,110,59,169
https://kawalpemilu.org#26571,"PASIR TANJUNG, TANJUNGSARI, BOGOR, JAWA BARAT",4,27,138,165
https://kawalpemilu.org#32602,"GUNUNG GEDE, KAWALU, KOTA TASIKMALAYA, JAWA BARAT",7,56,146,202
https://kawalpemilu.org#27604,"BALEENDAH, BALEENDAH, BANDUNG, JAWA BARAT",99,70,122,192
https://kawalpemilu.org#28049,"SUKANAGARA, CISOMPET, GARUT, JAWA BARAT",4,27,101,128
https://kawalpemilu.org#32377,"KEJAKSAN, KEJAKSAN, KOTA CIREBON, JAWA BARAT",28,138,82,220
https://kawalpemilu.org#32115,"MENTENG, BOGOR BARAT, KOTA BOGOR, JAWA BARAT",21,64,146,210
https://kawalpemilu.org#28365,"MANDALAWANGI, SALOPA, TASIKMALAYA, JAWA BARAT",10,73,133,206
https://kawalpemilu.org#31906,"CIBODAS, LEMBANG, BANDUNG BARAT, JAWA BARAT",21,37,74,111
https://kawalpemilu.org#30598,"LUWUNGGESIK, KRANGKENG, INDRAMAYU, JAWA BARAT",3,117,50,167
https://kawalpemilu.org#27868,"KERTAJAYA, CIBATU, GARUT, JAWA BARAT",2,47,154,201
https://kawalpemilu.org#31740,"SUMBERJAYA, TAMBUN SELATAN, BEKASI, JAWA BARAT",25,57,119,176
https://kawalpemilu.org#29019,"WILANAGARA, LURAGUNG, KUNINGAN, JAWA BARAT",10,108,83,191
https://kawalpemilu.org#84878,"KARANGMANGU, SUSUKAN LEBAK, CIREBON, JAWA BARAT",5,110,48,158
https://kawalpemilu.org#30514,"SUMBERMULYA, HAURGEULIS, INDRAMAYU, JAWA BARAT",19,183,62,245
https://kawalpemilu.org#30833,"CANGKO, TUKDANA, INDRAMAYU, JAWA BARAT",9,90,40,130
https://kawalpemilu.org#27483,"BOJONGKUNCI, PAMEUNGPEUK, BANDUNG, JAWA BARAT",20,73,116,189
https://kawalpemilu.org#27449,"MEKARRAHAYU, MARGAASIH, BANDUNG, JAWA BARAT",76,86,179,265
https://kawalpemilu.org#26504,"KOTA BATU, CIOMAS, BOGOR, JAWA BARAT",38,66,183,249
https://kawalpemilu.org#29426,"BABAKAN, BABAKAN, CIREBON, JAWA BARAT",1,137,63,200
https://kawalpemilu.org#28586,"PANYINGKIRAN, CIAMIS, CIAMIS, JAWA BARAT",17,31,117,148
https://kawalpemilu.org#31964,"BOJONGKONENG, NGAMPRAH, BANDUNG BARAT, JAWA BARAT",3,78,160,238
https://kawalpemilu.org#31293,"CIGELAM, BABAKANCIKAO, PURWAKARTA, JAWA BARAT",9,121,102,223
https://kawalpemilu.org#26228,"CILEUNGSI KIDUL, CILEUNGSI, BOGOR, JAWA BARAT",91,39,112,151
https://kawalpemilu.org#28947,"PURWAJAYA, PURWADADI, CIAMIS, JAWA BARAT",17,104,37,141
https://kawalpemilu.org#27670,"PASIRJAMBU, PASIRJAMBU, BANDUNG, JAWA BARAT",23,64,186,250
https://kawalpemilu.org#30728,"TAWANGSARI, ARAHAN, INDRAMAYU, JAWA BARAT",2,117,38,155
https://kawalpemilu.org#27148,"CIPENDAWA, PACET, CIANJUR, JAWA BARAT",36,61,148,209
https://kawalpemilu.org#28599,"CIHARALANG, CIJEUNGJING, CIAMIS, JAWA BARAT",2,59,138,197
https://kawalpemilu.org#27361,"CIMACAN, CIPANAS, CIANJUR, JAWA BARAT",28,54,142,196
https://kawalpemilu.org#32126,"PASIR JAYA, BOGOR BARAT, KOTA BOGOR, JAWA BARAT",9,39,155,194
https://kawalpemilu.org#26747,"PARAKAN SALAK, PARAKAN SALAK, SUKABUMI, JAWA BARAT",9,63,160,223
https://kawalpemilu.org#31904,"GUDANGKAHURIPAN, LEMBANG, BANDUNG BARAT, JAWA BARAT",32,78,157,235
https://kawalpemilu.org#26296,"BOJONGGEDE, BOJONG GEDE, BOGOR, JAWA BARAT",61,118,97,215
https://kawalpemilu.org#29745,"KEDUANAN, DEPOK, CIREBON, JAWA BARAT",12,53,91,144
https://kawalpemilu.org#27362,"CILOTO, CIPANAS, CIANJUR, JAWA BARAT",5,47,60,107
https://kawalpemilu.org#32150,"KAYUMANIS, TANAH SAREAL, KOTA BOGOR, JAWA BARAT",7,59,158,217
https://kawalpemilu.org#32441,"CIKETING UDIK, BANTAR GEBANG, KOTA BEKASI, JAWA BARAT",50,67,170,237
https://kawalpemilu.org#31747,"SUKAJAYA, CIBITUNG, BEKASI, JAWA BARAT",8,84,133,217
https://kawalpemilu.org#32378,"SUKAPURA, KEJAKSAN, KOTA CIREBON, JAWA BARAT",1,82,86,168
https://kawalpemilu.org#27547,"CILULUK, CIKANCUNG, BANDUNG, JAWA BARAT",2,132,73,205
https://kawalpemilu.org#26302,"KARACAK, LEUWILIANG, BOGOR, JAWA BARAT",37,91,136,227
https://kawalpemilu.org#29909,"CIKARACAK, ARGAPURA, MAJALENGKA, JAWA BARAT",8,99,45,144
https://kawalpemilu.org#28442,"PADASUKA, SUKARAME, TASIKMALAYA, JAWA BARAT",10,47,148,195
https://kawalpemilu.org#31880,"JAYASAMPURNA, SERANG BARU, BEKASI, JAWA BARAT",33,41,151,192
https://kawalpemilu.org#32565,"CIPAGERAN, CIMAHI UTARA, KOTA CIMAHI, JAWA BARAT",100,85,187,272
https://kawalpemilu.org#27803,"SUKARASA, SAMARANG, GARUT, JAWA BARAT",6,21,124,145
https://kawalpemilu.org#26524,"SUKARESMI, TAMANSARI, BOGOR, JAWA BARAT",21,24,137,161
https://kawalpemilu.org#26252,"SUKAMULYA, SUKAMAKMUR, BOGOR, JAWA BARAT",17,21,201,222
https://kawalpemilu.org#31961,"CILAME, NGAMPRAH, BANDUNG BARAT, JAWA BARAT",88,85,184,269
https://kawalpemilu.org#32253,"PELINDUNG HEWAN, ASTANA ANYAR, KOTA BANDUNG, JAWA BARAT",21,75,137,212
https://kawalpemilu.org#26754,"CICURUG, CICURUG, SUKABUMI, JAWA BARAT",11,49,189,238
https://kawalpemilu.org#28549,"CIBAHAYU, KADIPATEN, TASIKMALAYA, JAWA BARAT",14,27,167,197
https://kawalpemilu.org#31830,"JAYABAKTI, CABANGBUNGIN, BEKASI, JAWA BARAT",20,42,157,199
https://kawalpemilu.org#29672,"LEMAHTAMBA, PANGURAGAN, CIREBON, JAWA BARAT",11,134,50,184
https://kawalpemilu.org#32425,"JAKA MULYA, BEKASI SELATAN, KOTA BEKASI, JAWA BARAT",66,96,111,207
https://kawalpemilu.org#32406,"MARGAHAYU, BEKASI TIMUR, KOTA BEKASI, JAWA BARAT",88,90,119,209
https://kawalpemilu.org#32534,"SUKATANI, TAPOS, KOTA DEPOK, JAWA BARAT",77,110,139,249
https://kawalpemilu.org#931119,"KOSAR, CIPEUNDEUY, SUBANG, JAWA BARAT",1,84,99,183
https://kawalpemilu.org#31431,"SABAJAYA, TIRTAJAYA, KARAWANG, JAWA BARAT",24,59,125,184
https://kawalpemilu.org#26423,"MEKARJAYA, CIGUDEG, BOGOR, JAWA BARAT",7,96,133,229
https://kawalpemilu.org#31769,"TANJUNGSARI, CIKARANG UTARA, BEKASI, JAWA BARAT",1,45,192,237
https://kawalpemilu.org#27497,"PULOSARI, PANGALENGAN, BANDUNG, JAWA BARAT",27,46,140,186
https://kawalpemilu.org#29589,"GOMBANG, PLUMBON, CIREBON, JAWA BARAT",7,129,74,203
https://kawalpemilu.org#27745,"TANJUNGSARI, KARANGPAWITAN, GARUT, JAWA BARAT",15,23,112,135
https://kawalpemilu.org#32313,"CIGADUNG, CIBEUNYING KALER, KOTA BANDUNG, JAWA BARAT",52,85,132,217
https://kawalpemilu.org#26482,"PASIR BUNCIR, CARINGIN, BOGOR, JAWA BARAT",15,21,218,3
https://kawalpemilu.org#29377,"GUNUNGSARI, WALED, CIREBON, JAWA BARAT",11,68,28,96
https://kawalpemilu.org#30888,"JALUPANG, KALIJATI, SUBANG, JAWA BARAT",14,109,64,173
https://kawalpemilu.org#32009,"CIPATIK, CIHAMPELAS, BANDUNG BARAT, JAWA BARAT",7,69,161,230
https://kawalpemilu.org#32469,"JATIWARNA, PONDOK MELATI, KOTA BEKASI, JAWA BARAT",14,88,117,205
https://kawalpemilu.org#28957,"MANGUNJAYA, MANGUNJAYA, PANGANDARAN, JAWA BARAT",17,100,107,207
https://kawalpemilu.org#26202,"KADUMANGGU, BABAKAN MADANG, BOGOR, JAWA BARAT",18,52,136,188
https://kawalpemilu.org#31233,"SUKAHAJI, TEGALWARU, PURWAKARTA, JAWA BARAT",7,49,186,235
https://kawalpemilu.org#28440,"SUKAMENAK, SUKARAME, TASIKMALAYA, JAWA BARAT",17,48,164,212
https://kawalpemilu.org#29422,"SERANG KULON, BABAKAN, CIREBON, JAWA BARAT",7,168,18,186
https://kawalpemilu.org#26505,"LALADON, CIOMAS, BOGOR, JAWA BARAT",3,83,141,224
https://kawalpemilu.org#27449,"MEKARRAHAYU, MARGAASIH, BANDUNG, JAWA BARAT",19,30,215,245
https://kawalpemilu.org#31279,"PAWENANG, BOJONG, PURWAKARTA, JAWA BARAT",1,90,150,240
https://kawalpemilu.org#84878,"KARANGMANGU, SUSUKAN LEBAK, CIREBON, JAWA BARAT",13,151,31,182
https://kawalpemilu.org#27259,"PADAMAJU, PAGELARAN, CIANJUR, JAWA BARAT",10,35,149,184
https://kawalpemilu.org#32436,"PEJUANG, MEDAN SATRIA, KOTA BEKASI, JAWA BARAT",41,97,117,214
https://kawalpemilu.org#31862,"SUKARESMI, CIKARANG SELATAN, BEKASI, JAWA BARAT",22,23,87,110
https://kawalpemilu.org#29875,"JAGASARI, CIKIJING, MAJALENGKA, JAWA BARAT",10,73,115,188
https://kawalpemilu.org#28051,"DEPOK, CISOMPET, GARUT, JAWA BARAT",12,56,118,174
https://kawalpemilu.org#27289,"SAGANTEN, SINDANGBARANG, CIANJUR, JAWA BARAT",11,49,103,152
https://kawalpemilu.org#27249,"PANGADEGAN, PAGELARAN, CIANJUR, JAWA BARAT",3,96,111,207
https://kawalpemilu.org#29111,"KERTAWINANGUN, CIDAHU, KUNINGAN, JAWA BARAT",1,91,86,177
https://kawalpemilu.org#89218,"JAYARAHARJA, SUKAJAYA, BOGOR, JAWA BARAT",6,57,138,195
https://kawalpemilu.org#26243,"TEGALPANJANG, CARIU, BOGOR, JAWA BARAT",16,20,132,152
https://kawalpemilu.org#27787,"SUKARATU, BANYURESMI, GARUT, JAWA BARAT",19,47,103,150
https://kawalpemilu.org#30362,"CIHANJUANG, CIMANGGUNG, SUMEDANG, JAWA BARAT",14,129,80,209
https://kawalpemilu.org#30564,"MALANGSARI, BANGODUA, INDRAMAYU, JAWA BARAT",11,133,47,180
https://kawalpemilu.org#27607,"MANGGAHANG, BALEENDAH, BANDUNG, JAWA BARAT",2,32,188,220
https://kawalpemilu.org#28901,"WANGUNJAYA, CISAGA, CIAMIS, JAWA BARAT",3,75,72,147
https://kawalpemilu.org#32251,"PANJUNAN, ASTANA ANYAR, KOTA BANDUNG, JAWA BARAT",18,121,112,233
https://kawalpemilu.org#32459,"JATIRANGGON, JATISAMPURNA, KOTA BEKASI, JAWA BARAT",36,116,111,227
https://kawalpemilu.org#32452,"JATIKRAMAT, JATIASIH, KOTA BEKASI, JAWA BARAT",46,78,116,194
https://kawalpemilu.org#31614,"GEMPOL, BANYUSARI, KARAWANG, JAWA BARAT",15,141,82,223
https://kawalpemilu.org#29426,"BABAKAN, BABAKAN, CIREBON, JAWA BARAT",3,134,64,198
https://kawalpemilu.org#26161,"BOJONG NANGKA, GUNUNG PUTRI, BOGOR, JAWA BARAT",52,5,128,133
https://kawalpemilu.org#27145,"CIHERANG, PACET, CIANJUR, JAWA BARAT",8,71,169,240
https://kawalpemilu.org#27121,"KADEMANGAN, MANDE, CIANJUR, JAWA BARAT",11,61,167,228
https://kawalpemilu.org#29717,"PRAJAWINANGUN WETAN, KALIWEDI, CIREBON, JAWA BARAT",3,109,99,208
https://kawalpemilu.org#26462,"KUTA, MEGAMENDUNG, BOGOR, JAWA BARAT",21,1,206,207
https://kawalpemilu.org#26921,"KEBONPEDES, KEBON PEDES, SUKABUMI, JAWA BARAT",18,64,158,222
https://kawalpemilu.org#29450,"CIPEUJEUH KULON, LEMAHABANG, CIREBON, JAWA BARAT",4,120,86,206
https://kawalpemilu.org#27253,"PASIRBARU, PAGELARAN, CIANJUR, JAWA BARAT",3,92,45,137
https://kawalpemilu.org#31005,"TANJUNGRASA, PATOKBEUSI, SUBANG, JAWA BARAT",4,97,104,201
https://kawalpemilu.org#31739,"MANGUNJAYA, TAMBUN SELATAN, BEKASI, JAWA BARAT",182,115,141,256
https://kawalpemilu.org#27442,"MARGAHAYU SELATAN, MARGAHAYU, BANDUNG, JAWA BARAT",87,129,61,190
https://kawalpemilu.org#32103,"GUDANG, BOGOR TENGAH, KOTA BOGOR, JAWA BARAT",11,98,77,175
https://kawalpemilu.org#31694,"PANTAI MAKMUR, TARUMAJAYA, BEKASI, JAWA BARAT",35,30,111,141
https://kawalpemilu.org#32598,"CIBEUTI, KAWALU, KOTA TASIKMALAYA, JAWA BARAT",28,45,214,259
https://kawalpemilu.org#31402,"KARYASARI, RENGASDENGKLOK, KARAWANG, JAWA BARAT",12,122,101,223
https://kawalpemilu.org#30450,"CIBEUREUM KULON, CIMALAKA, SUMEDANG, JAWA BARAT",5,88,82,170
https://kawalpemilu.org#26620,"CITARIK, PELABUHAN RATU, SUKABUMI, JAWA BARAT",45,50,109,159
https://kawalpemilu.org#27621,"PADAULUN, MAJALAYA, BANDUNG, JAWA BARAT",12,97,130,227
https://kawalpemilu.org#31433,"GEMPOLKARYA, TIRTAJAYA, KARAWANG, JAWA BARAT",2,99,109,208
https://kawalpemilu.org#27487,"PANGALENGAN, PANGALENGAN, BANDUNG, JAWA BARAT",10,82,105,187
https://kawalpemilu.org#31420,"BATUJAYA, BATUJAYA, KARAWANG, JAWA BARAT",19,94,108,202
https://kawalpemilu.org#27348,"SUKALUYU, CIKADU, CIANJUR, JAWA BARAT",1,77,96,173
https://kawalpemilu.org#27897,"SEKARWANGI, MALANGBONG, GARUT, JAWA BARAT",16,24,105,129
https://kawalpemilu.org#28818,"BANJARHARJA, KALIPUCANG, PANGANDARAN, JAWA BARAT",16,130,46,176
https://kawalpemilu.org#30897,"PRINGKASAP, PABUARAN, SUBANG, JAWA BARAT",6,92,113,205
https://kawalpemilu.org#29331,"MALEBER, MALEBER, KUNINGAN, JAWA BARAT",1,38,148,186
https://kawalpemilu.org#27597,"CIBEUREUM, KERTASARI, BANDUNG, JAWA BARAT",55,52,101,153
https://kawalpemilu.org#32410,"BINTARA, BEKASI BARAT, KOTA BEKASI, JAWA BARAT",9,91,143,234
https://kawalpemilu.org#30088,"PANJALIN KIDUL, SUMBERJAYA, MAJALENGKA, JAWA BARAT",14,115,76,191
https://kawalpemilu.org#30728,"TAWANGSARI, ARAHAN, INDRAMAYU, JAWA BARAT",5,121,15,136
https://kawalpemilu.org#28593,"KUJANG, CIKONENG, CIAMIS, JAWA BARAT",3,13,198,211
https://kawalpemilu.org#29071,"PURWAWINANGUN, KUNINGAN, KUNINGAN, JAWA BARAT",10,96,152,248
https://kawalpemilu.org#34266,"WONOHARJO, ROWOKELE, KEBUMEN, JAWA TENGAH",16,162,21,183
https://kawalpemilu.org#34895,"SUKOWUWUH, BENER, PURWOREJO, JAWA TENGAH",9,118,8,126
https://kawalpemilu.org#39769,"GEBANGAN, PAGERUYUNG, KENDAL, JAWA TENGAH",1,173,25,198
https://kawalpemilu.org#36807,"TLOBO, JATIYOSO, KARANGANYAR, JAWA TENGAH",11,85,6,91
https://kawalpemilu.org#37412,"PULOREJO, PURWODADI, GROBOGAN, JAWA TENGAH",5,174,34,208
https://kawalpemilu.org#33316,"TELUK, PURWOKERTO SELATAN, BANYUMAS, JAWA TENGAH",37,211,58,269
https://kawalpemilu.org#35527,"KEBONAGUNG, TEGALREJO, MAGELANG, JAWA TENGAH",3,131,9,140
https://kawalpemilu.org#34647,"BANDUNG, KUTOARJO, PURWOREJO, JAWA TENGAH",3,120,59,179
https://kawalpemilu.org#40704,"PURANA, BANTARBOLANG, PEMALANG, JAWA TENGAH",7,139,12,151
https://kawalpemilu.org#40190,"SIDOMULYO, LIMPUNG, BATANG, JAWA TENGAH",6,103,24,127
https://kawalpemilu.org#38805,"SUWAWAL, MLONGGO, JEPARA, JAWA TENGAH",14,157,22,179
https://kawalpemilu.org#33692,"SEMAMPIR, BANJARNEGARA, BANJARNEGARA, JAWA TENGAH",6,57,78,135
https://kawalpemilu.org#39224,"KENTENG, SUSUKAN, SEMARANG, JAWA TENGAH",6,164,36,200
https://kawalpemilu.org#34133,"KEMANGGUAN, ALIAN, KEBUMEN, JAWA TENGAH",7,155,20,175
https://kawalpemilu.org#84898,"SIKAMPUH, KROYA, CILACAP, JAWA TENGAH",15,144,82,226
https://kawalpemilu.org#33378,"BUKATEJA, BUKATEJA, PURBALINGGA, JAWA TENGAH",5,146,65,211
https://kawalpemilu.org#36989,"KALIMACAN, KALIJAMBE, SRAGEN, JAWA TENGAH",8,154,87,241
https://kawalpemilu.org#41379,"RANDUSARI, LOSARI, BREBES, JAWA TENGAH",18,140,50,190
https://kawalpemilu.org#36530,"SUKOHARJO, TIRTOMOYO, WONOGIRI, JAWA TENGAH",5,150,7,157
https://kawalpemilu.org#38620,"NGEMBAL KULON, JATI, KUDUS, JAWA TENGAH",8,103,88,191
https://kawalpemilu.org#34099,"SIDOGEDE, PREMBUN, KEBUMEN, JAWA TENGAH",1,153,25,178
https://kawalpemilu.org#33028,"TAMBAKNEGARA, RAWALO, BANYUMAS, JAWA TENGAH",19,135,36,171
https://kawalpemilu.org#40430,"NYAMOK, KAJEN, PEKALONGAN, JAWA TENGAH",3,139,76,215
https://kawalpemilu.org#40342,"SAWANGAN, PANINGGARAN, PEKALONGAN, JAWA TENGAH",7,154,5,159
https://kawalpemilu.org#34917,"NGALIAN, WADASLINTANG, WONOSOBO, JAWA TENGAH",19,123,6,129
https://kawalpemilu.org#87480,"SIDAMUKTI, PATIMUAN, CILACAP, JAWA TENGAH",24,164,27,191
https://kawalpemilu.org#35379,"BANJARAGUNG, KAJORAN, MAGELANG, JAWA TENGAH",3,167,29,196
https://kawalpemilu.org#41649,"TLOGOSARI KULON, PEDURUNGAN, KOTA SEMARANG, JAWA TENGAH",76,175,56,231
https://kawalpemilu.org#35541,"CANDIRETNO, SECANG, MAGELANG, JAWA TENGAH",4,113,100,213
https://kawalpemilu.org#34646,"SEMAWUNG DALEMAN, KUTOARJO, PURWOREJO, JAWA TENGAH",8,104,33,137
https://kawalpemilu.org#41583,"MANGUNSARI, SIDOMUKTI, KOTA SALATIGA, JAWA TENGAH",1,211,46,257
https://kawalpemilu.org#35828,"KEMUSU, KEMUSU, BOYOLALI, JAWA TENGAH",2,126,26,182
https://kawalpemilu.org#33880,"KARANGANYAR, KALIBENING, BANJARNEGARA, JAWA TENGAH",3,135,27,162
https://kawalpemilu.org#41527,"BALUWARTI, PASAR KLIWON, KOTA SURAKARTA, JAWA TENGAH",8,152,42,194
https://kawalpemilu.org#37301,"RANDUREJO, PULOKULON, GROBOGAN, JAWA TENGAH",14,141,3,144
https://kawalpemilu.org#34617,"SUCENJURU TENGAH, BAYAN, PURWOREJO, JAWA TENGAH",8,104,67,171
https://kawalpemilu.org#37094,"SINE, SRAGEN, SRAGEN, JAWA TENGAH",3,80,95,175
https://kawalpemilu.org#38988,"TIMBULSLOKO, SAYUNG, DEMAK, JAWA TENGAH",2,184,27,211
https://kawalpemilu.org#41325,"PEMARON, BREBES, BREBES, JAWA TENGAH",13,121,66,187
https://kawalpemilu.org#35214,"BOROBUDUR, BOROBUDUR, MAGELANG, JAWA TENGAH",26,128,96,224
https://kawalpemilu.org#41397,"TANJUNG, TANJUNG, BREBES, JAWA TENGAH",14,155,52,207
https://kawalpemilu.org#40136,"JLAMPRANG, BAWANG, BATANG, JAWA TENGAH",3,149,19,168
https://kawalpemilu.org#40392,"KUTOSARI, DORO, PEKALONGAN, JAWA TENGAH",6,181,32,213
https://kawalpemilu.org#40279,"SIJONO, WARUNGASEM, BATANG, JAWA TENGAH",4,0,0,0
https://kawalpemilu.org#41105,"KESAMIRAN, TARUB, TEGAL, JAWA TENGAH",1,107,75,182
https://kawalpemilu.org#41649,"TLOGOSARI KULON, PEDURUNGAN, KOTA SEMARANG, JAWA TENGAH",52,190,57,247
https://kawalpemilu.org#39336,"LEMAHIRENG, BAWEN, SEMARANG, JAWA TENGAH",23,183,7,190
https://kawalpemilu.org#40794,"KLAREYAN, PETARUKAN, PEMALANG, JAWA TENGAH",21,0,0,0
https://kawalpemilu.org#36820,"KADIPIRO, JUMAPOLO, KARANGANYAR, JAWA TENGAH",8,131,112,243
https://kawalpemilu.org#37535,"PILANG, RANDUBLATUNG, BLORA, JAWA TENGAH",10,184,13,197
https://kawalpemilu.org#40010,"SENDANGDAWUNG, KANGKUNG, KENDAL, JAWA TENGAH",2,151,14,165
https://kawalpemilu.org#41311,"GANDASULI, BREBES, BREBES, JAWA TENGAH",12,131,91,222
https://kawalpemilu.org#33663,"MAJALENGKA, BAWANG, BANJARNEGARA, JAWA TENGAH",10,112,33,145
https://kawalpemilu.org#33183,"CIBANGKONG, PEKUNCEN, BANYUMAS, JAWA TENGAH",2,167,19,186
https://kawalpemilu.org#35687,"TEGALREJO, SAWIT, BOYOLALI, JAWA TENGAH",8,209,10,219
https://kawalpemilu.org#41543,"MOJOSONGO, JEBRES, KOTA SURAKARTA, JAWA TENGAH",148,157,27,184
https://kawalpemilu.org#40491,"KETITANGKIDUL, BOJONG, PEKALONGAN, JAWA TENGAH",3,197,34,231
https://kawalpemilu.org#34085,"MANGUNRANAN, MIRIT, KEBUMEN, JAWA TENGAH",3,99,94,193
https://kawalpemilu.org#39150,"BUKO, WEDUNG, DEMAK, JAWA TENGAH",8,142,51,193
https://kawalpemilu.org#36807,"TLOBO, JATIYOSO, KARANGANYAR, JAWA TENGAH",13,69,4,73
https://kawalpemilu.org#41508,"SRIWEDARI, LAWEYAN, KOTA SURAKARTA, JAWA TENGAH",10,169,36,205
https://kawalpemilu.org#34569,"DOPLANG, PURWOREJO, PURWOREJO, JAWA TENGAH",5,114,65,179
https://kawalpemilu.org#38583,"SUNGGINGAN, KUDUS, KUDUS, JAWA TENGAH",7,111,66,177
https://kawalpemilu.org#37601,"BITING, SAMBONG, BLORA, JAWA TENGAH",8,145,62,207
https://kawalpemilu.org#36951,"SEWUREJO, MOJOGEDANG, KARANGANYAR, JAWA TENGAH",8,182,4,186
https://kawalpemilu.org#37371,"TEGALREJO, WIROSARI, GROBOGAN, JAWA TENGAH",29,175,8,183
https://kawalpemilu.org#35550,"PURWOSARI, SECANG, MAGELANG, JAWA TENGAH",9,84,41,125
https://kawalpemilu.org#41709,"PADANGSARI, BANYUMANIK, KOTA SEMARANG, JAWA TENGAH",13,146,64,210
https://kawalpemilu.org#39563,"WANUTENGAH, PARAKAN, TEMANGGUNG, JAWA TENGAH",7,128,54,182
https://kawalpemilu.org#32808,"BOJONG, KAWUNGANTEN, CILACAP, JAWA TENGAH",17,131,56,187
https://kawalpemilu.org#36770,"KARANGTENGAH, KARANGTENGAH, WONOGIRI, JAWA TENGAH",8,174,8,182
https://kawalpemilu.org#39738,"KEMIRIOMBO, GEMAWANG, TEMANGGUNG, JAWA TENGAH",5,175,19,194
https://kawalpemilu.org#41296,"KUPU, WANASARI, BREBES, JAWA TENGAH",6,139,39,178
https://kawalpemilu.org#41718,"NGIJO, GUNUNGPATI, KOTA SEMARANG, JAWA TENGAH",8,158,39,197
https://kawalpemilu.org#38446,"SUKOHARJO, WEDARIJAKSA, PATI, JAWA TENGAH",3,175,25,200
https://kawalpemilu.org#41765,"KALIPANCUR, NGALIYAN, KOTA SEMARANG, JAWA TENGAH",43,95,46,141
https://kawalpemilu.org#37258,"JIPANG, PENAWANGAN, GROBOGAN, JAWA TENGAH",2,86,17,103
https://kawalpemilu.org#40901,"BUNIWAH, BOJONG, TEGAL, JAWA TENGAH",6,170,50,220
https://kawalpemilu.org#38604,"KALIPUTU, KUDUS, KUDUS, JAWA TENGAH",11,115,55,170
https://kawalpemilu.org#37599,"POJOKWATU, SAMBONG, BLORA, JAWA TENGAH",6,114,72,186
https://kawalpemilu.org#41227,"KRETEK, PAGUYANGAN, BREBES, JAWA TENGAH",14,152,21,173
https://kawalpemilu.org#32995,"DERMAJI, LUMBIR, BANYUMAS, JAWA TENGAH",3,175,54,229
https://kawalpemilu.org#40741,"BANJARMULYA, PEMALANG, PEMALANG, JAWA TENGAH",6,176,31,207
https://kawalpemilu.org#34546,"KALIGONO, KALIGESING, PURWOREJO, JAWA TENGAH",4,120,21,141
https://kawalpemilu.org#34017,"BRECONG, BULUSPESANTREN, KEBUMEN, JAWA TENGAH",3,132,32,164
https://kawalpemilu.org#41150,"BANJARAGUNG, WARUREJA, TEGAL, JAWA TENGAH",10,134,77,211
https://kawalpemilu.org#36124,"BENTANGAN, WONOSARI, KLATEN, JAWA TENGAH",6,177,33,210
https://kawalpemilu.org#33649,"KARANGANYAR, PURWONEGORO, BANJARNEGARA, JAWA TENGAH",16,140,33,173
https://kawalpemilu.org#33770,"LUWUNG, RAKIT, BANJARNEGARA, JAWA TENGAH",3,110,91,201
https://kawalpemilu.org#32851,"SURUSUNDA, KARANGPUCUNG, CILACAP, JAWA TENGAH",22,77,67,144
https://kawalpemilu.org#38635,"WATES, UNDAAN, KUDUS, JAWA TENGAH",10,144,30,174
https://kawalpemilu.org#34265,"GIYANTI, ROWOKELE, KEBUMEN, JAWA TENGAH",3,139,25,164
https://kawalpemilu.org#40863,"DUKUH TENGAH, MARGASARI, TEGAL, JAWA TENGAH",9,117,47,164
https://kawalpemilu.org#36726,"TASIKHARGO, JATISRONO, WONOGIRI, JAWA TENGAH",4,178,10,188
https://kawalpemilu.org#39972,"SIJERUK, KENDAL, KENDAL, JAWA TENGAH",5,128,52,180
https://kawalpemilu.org#41543,"MOJOSONGO, JEBRES, KOTA SURAKARTA, JAWA TENGAH",46,166,25,191
https://kawalpemilu.org#41430,"WLAHAR, LARANGAN, BREBES, JAWA TENGAH",36,133,19,152
https://kawalpemilu.org#40336,"KRANDEGAN, PANINGGARAN, PEKALONGAN, JAWA TENGAH",3,131,40,171
https://kawalpemilu.org#41825,"KURIPAN KERTOHARJO, PEKALONGAN SELATAN, KOTA PEKALONGAN, JAWA TENGAH",13,221,23,244
https://kawalpemilu.org#39199,"SRUWEN, TENGARAN, SEMARANG, JAWA TENGAH",16,191,60,251
https://kawalpemilu.org#34620,"POGUNGREJO, BAYAN, PURWOREJO, JAWA TENGAH",4,112,21,133
https://kawalpemilu.org#35349,"TEMPUREJO, TEMPURAN, MAGELANG, JAWA TENGAH",26,110,45,155
https://kawalpemilu.org#33450,"MERI, KUTASARI, PURBALINGGA, JAWA TENGAH",1,132,35,167
https://kawalpemilu.org#34018,"BANJURPASAR, BULUSPESANTREN, KEBUMEN, JAWA TENGAH",11,90,38,128
https://kawalpemilu.org#33022,"GENTAWANGI, JATILAWANG, BANYUMAS, JAWA TENGAH",1,143,26,169
https://kawalpemilu.org#34890,"KETOSARI, BENER, PURWOREJO, JAWA TENGAH",7,110,23,133
https://kawalpemilu.org#33451,"KUTASARI, KUTASARI, PURBALINGGA, JAWA TENGAH",4,128,115,243
https://kawalpemilu.org#38207,"MINTORAHAYU, WINONG, PATI, JAWA TENGAH",5,127,12,139
https://kawalpemilu.org#40276,"LEBO, WARUNGASEM, BATANG, JAWA TENGAH",5,152,36,188
https://kawalpemilu.org#38472,"NGEMPLAK KIDUL, MARGOYOSO, PATI, JAWA TENGAH",5,190,28,218
https://kawalpemilu.org#40273,"KALIBELUK, WARUNGASEM, BATANG, JAWA TENGAH",15,152,40,192
https://kawalpemilu.org#35598,"URUTSEWU, AMPEL, BOYOLALI, JAWA TENGAH",19,200,18,218
https://kawalpemilu.org#37675,"ADIREJO, TUNJUNGAN, BLORA, JAWA TENGAH",1,124,78,202
https://kawalpemilu.org#40738,"PELUTAN, PEMALANG, PEMALANG, JAWA TENGAH",12,132,42,174
https://kawalpemilu.org#87442,"MUJUR, KROYA, CILACAP, JAWA TENGAH",20,105,63,168
https://kawalpemilu.org#36749,"KEMBANG, JATIPURNO, WONOGIRI, JAWA TENGAH",10,104,28,132
https://kawalpemilu.org#32875,"SALEBU, MAJENANG, CILACAP, JAWA TENGAH",31,161,61,222
https://kawalpemilu.org#38805,"SUWAWAL, MLONGGO, JEPARA, JAWA TENGAH",19,197,30,227
https://kawalpemilu.org#36251,"JIMBUNG, KALIKOTES, KLATEN, JAWA TENGAH",3,170,24,194
https://kawalpemilu.org#38760,"PELANG, MAYONG, JEPARA, JAWA TENGAH",15,153,49,202
https://kawalpemilu.org#36056,"BEJI, PEDAN, KLATEN, JAWA TENGAH",8,152,38,190
https://kawalpemilu.org#33643,"MANDIRAJAKULON, MANDIRAJA, BANJARNEGARA, JAWA TENGAH",15,171,55,226
https://kawalpemilu.org#33287,"PURWOSARI, BATURADEN, BANYUMAS, JAWA TENGAH",18,107,96,203
https://kawalpemilu.org#40140,"SIDOHARJO, BAWANG, BATANG, JAWA TENGAH",3,165,8,173
https://kawalpemilu.org#36086,"TEGALAMPEL, KARANGDOWO, KLATEN, JAWA TENGAH",1,130,34,164
https://kawalpemilu.org#40022,"RINGINARUM, RINGINARUM, KENDAL, JAWA TENGAH",14,127,22,149
https://kawalpemilu.org#39865,"KUTOHARJO, KALIWUNGU, KENDAL, JAWA TENGAH",6,172,38,210
https://kawalpemilu.org#38028,"PUNJULHARJO, REMBANG, REMBANG, JAWA TENGAH",2,147,32,179
https://kawalpemilu.org#40255,"KARANGASEM UTARA, BATANG, BATANG, JAWA TENGAH",23,174,47,221
https://kawalpemilu.org#40749,"WANAMULYA, PEMALANG, PEMALANG, JAWA TENGAH",12,111,42,153
https://kawalpemilu.org#40653,"GUNUNGJAYA, BELIK, PEMALANG, JAWA TENGAH",26,164,10,174
https://kawalpemilu.org#36993,"NGEBUNG, KALIJAMBE, SRAGEN, JAWA TENGAH",1,113,33,146
https://kawalpemilu.org#34073,"TLOGOPRAGOTO, MIRIT, KEBUMEN, JAWA TENGAH",7,96,21,117
https://kawalpemilu.org#32813,"KAWUNGANTEN LOR, KAWUNGANTEN, CILACAP, JAWA TENGAH",8,132,42,174
https://kawalpemilu.org#38258,"LUNDO, JAKEN, PATI, JAWA TENGAH",4,168,26,194
https://kawalpemilu.org#36982,"SELOROMO, JENAWI, KARANGANYAR, JAWA TENGAH",1,177,12,189
https://kawalpemilu.org#33959,"KEDALEMAN KULON, PURING, KEBUMEN, JAWA TENGAH",4,96,43,139
https://kawalpemilu.org#36266,"JEBUGAN, KLATEN UTARA, KLATEN, JAWA TENGAH",7,145,16,161
https://kawalpemilu.org#87442,"MUJUR, KROYA, CILACAP, JAWA TENGAH",19,123,86,209
https://kawalpemilu.org#39950,"TAMBAKREJO, PATEBON, KENDAL, JAWA TENGAH",9,129,38,167
https://kawalpemilu.org#33406,"PENARUBAN, KALIGONDANG, PURBALINGGA, JAWA TENGAH",9,158,88,246
https://kawalpemilu.org#84902,"GENTASARI, KROYA, CILACAP, JAWA TENGAH",22,132,67,199
https://kawalpemilu.org#42498,"JETIS LOR, NAWANGAN, PACITAN, JAWA TIMUR",7,93,108,201
https://kawalpemilu.org#46821,"MOJOSULUR, MOJOSARI, MOJOKERTO, JAWA TIMUR",13,105,89,194
https://kawalpemilu.org#48879,"BANYUURIP, SENORI, TUBAN, JAWA TIMUR",7,121,26,147
https://kawalpemilu.org#49791,"PANGKAHKULON, UJUNGPANGKAH, GRESIK, JAWA TIMUR",3,153,49,202
https://kawalpemilu.org#49936,"PENGALANGAN, MENGANTI, GRESIK, JAWA TIMUR",12,123,33,156
https://kawalpemilu.org#45049,"BARENG, KABAT, BANYUWANGI, JAWA TIMUR",3,154,32,186
https://kawalpemilu.org#50850,"PAYUDAN DUNDANG, GULUK-GULUK, SUMENEP, JAWA TIMUR",3,12,183,195
https://kawalpemilu.org#46635,"KETAJEN, GEDANGAN, SIDOARJO, JAWA TIMUR",9,177,48,225
https://kawalpemilu.org#42787,"TULUNG, SAMPUNG, PONOROGO, JAWA TIMUR",4,204,29,233
https://kawalpemilu.org#50638,"PANAAN, PALENGAAN, PAMEKASAN, JAWA TIMUR",13,0,280,280
https://kawalpemilu.org#45239,"SELOLEMBU, CURAHDAMI, BONDOWOSO, JAWA TIMUR",2,104,50,154
https://kawalpemilu.org#47882,"KEDIREN, LEMBEYAN, MAGETAN, JAWA TIMUR",9,111,57,168
https://kawalpemilu.org#44791,"KLOMPANGAN, AJUNG, JEMBER, JAWA TIMUR",1,123,52,175
https://kawalpemilu.org#43967,"PADANGAN, KAYEN KIDUL, KEDIRI, JAWA TIMUR",5,158,19,177
https://kawalpemilu.org#44570,"KUTORENON, SUKODONO, LUMAJANG, JAWA TIMUR",15,103,113,216
https://kawalpemilu.org#45204,"KERANG, SUKOSARI, BONDOWOSO, JAWA TIMUR",6,33,158,191
https://kawalpemilu.org#44035,"HARJOKUNCARAN, SUMBERMANJING WETAN, MALANG, JAWA TIMUR",11,120,38,158
https://kawalpemilu.org#48189,"WARUK KALONG, KWADUNGAN, NGAWI, JAWA TIMUR",8,193,40,233
https://kawalpemilu.org#44878,"SEBANEN, KALISAT, JEMBER, JAWA TIMUR",3,155,107,262
https://kawalpemilu.org#43486,"GAPRANG, KANIGORO, BLITAR, JAWA TIMUR",2,154,23,177
https://kawalpemilu.org#48279,"WIDODAREN, WIDODAREN, NGAWI, JAWA TIMUR",11,135,31,166
https://kawalpemilu.org#50049,"BILAPORAH, SOCAH, BANGKALAN, JAWA TIMUR",15,100,86,186
https://kawalpemilu.org#48522,"KAUMAN, BAURENO, BOJONEGORO, JAWA TIMUR",10,146,58,204
https://kawalpemilu.org#43256,"DEMUK, PUCANGLABAN, TULUNGAGUNG, JAWA TIMUR",20,134,49,183
https://kawalpemilu.org#49134,"WIDANG, WIDANG, TUBAN, JAWA TIMUR",18,143,73,216
https://kawalpemilu.org#44696,"KLATAKAN, TANGGUL, JEMBER, JAWA TIMUR",29,101,90,191
https://kawalpemilu.org#51185,"RAMPAL CELAKET, KLOJEN, KOTA MALANG, JAWA TIMUR",19,168,50,218
https://kawalpemilu.org#45611,"KERPANGAN, LECES, PROBOLINGGO, JAWA TIMUR",13,61,135,196
https://kawalpemilu.org#50730,"TLONTO RAJA, PASEAN, PAMEKASAN, JAWA TIMUR",29,26,151,177
https://kawalpemilu.org#50025,"GREJEG, TAMBAK, GRESIK, JAWA TIMUR",1,73,18,91
https://kawalpemilu.org#48830,"KEDUNGMAKAM, JATIROGO, TUBAN, JAWA TIMUR",7,138,20,158
https://kawalpemilu.org#44013,"SUMBEREJO, PAGAK, MALANG, JAWA TIMUR",6,167,23,190
https://kawalpemilu.org#51006,"BANJAR BARAT, GAPURA, SUMENEP, JAWA TIMUR",7,131,25,156
https://kawalpemilu.org#47791,"KALIGUNTING, MEJAYAN, MADIUN, JAWA TIMUR",5,115,23,138
https://kawalpemilu.org#51421,"GADING, TAMBAKSARI, KOTA SURABAYA, JAWA TIMUR",3,133,45,178
https://kawalpemilu.org#50709,"BATU BINTANG, BATUMARMAR, PAMEKASAN, JAWA TIMUR",7,50,77,127
https://kawalpemilu.org#43592,"KESAMBEN, KESAMBEN, BLITAR, JAWA TIMUR",25,164,20,184
https://kawalpemilu.org#50726,"SANA TENGAH, PASEAN, PAMEKASAN, JAWA TIMUR",22,26,196,222
https://kawalpemilu.org#47148,"BANJARDOWO, JOMBANG, JOMBANG, JAWA TIMUR",13,199,53,252
https://kawalpemilu.org#51538,"SUKOLILO BARU, BULAK, KOTA SURABAYA, JAWA TIMUR",11,108,101,209
https://kawalpemilu.org#50298,"GENTENG, KONANG, BANGKALAN, JAWA TIMUR",13,26,231,257
https://kawalpemilu.org#44973,"BENCULUK, CLURING, BANYUWANGI, JAWA TIMUR",13,154,33,187
https://kawalpemilu.org#44124,"BULUPITU, GONDANGLEGI, MALANG, JAWA TIMUR",9,62,75,137
https://kawalpemilu.org#47487,"GETAS, TANJUNGANOM, NGANJUK, JAWA TIMUR",9,184,16,200
https://kawalpemilu.org#43072,"TERTEK, TULUNGAGUNG, TULUNGAGUNG, JAWA TIMUR",16,162,48,210
https://kawalpemilu.org#49190,"NGUWOK, MODO, LAMONGAN, JAWA TIMUR",2,112,91,203
https://kawalpemilu.org#43623,"JATITENGAH, SELOPURO, BLITAR, JAWA TIMUR",4,129,17,146
https://kawalpemilu.org#44497,"SIDOREJO, ROWOKANGKUNG, LUMAJANG, JAWA TIMUR",7,141,86,227
https://kawalpemilu.org#51459,"AMPEL, SEMAMPIR, KOTA SURABAYA, JAWA TIMUR",41,77,133,210
https://kawalpemilu.org#51371,"KALIRUNGKUT, RUNGKUT, KOTA SURABAYA, JAWA TIMUR",45,138,67,205
https://kawalpemilu.org#45792,"SELOGUDIG WETAN, PAJARAKAN, PROBOLINGGO, JAWA TIMUR",9,140,80,220
https://kawalpemilu.org#47713,"WINONG, GEMARANG, MADIUN, JAWA TIMUR",10,164,27,191
https://kawalpemilu.org#45194,"SULEK, TLOGOSARI, BONDOWOSO, JAWA TIMUR",8,35,195,230
https://kawalpemilu.org#44926,"PESANGGARAN, PESANGGARAN, BANYUWANGI, JAWA TIMUR",25,152,43,195
https://kawalpemilu.org#50883,"PAKAMBAN DAYA, PRAGAAN, SUMENEP, JAWA TIMUR",2,33,162,195
https://kawalpemilu.org#44933,"TEMUREJO, BANGOREJO, BANYUWANGI, JAWA TIMUR",2,170,19,189
https://kawalpemilu.org#43040,"NGULANKULON, POGALAN, TRENGGALEK, JAWA TIMUR",9,148,27,175
https://kawalpemilu.org#50669,"MONTOK, LARANGAN, PAMEKASAN, JAWA TIMUR",7,82,114,196
https://kawalpemilu.org#43081,"KUTOANYAR, TULUNGAGUNG, TULUNGAGUNG, JAWA TIMUR",3,153,16,169
https://kawalpemilu.org#45085,"PANDEREJO, BANYUWANGI, BANYUWANGI, JAWA TIMUR",3,139,68,207
https://kawalpemilu.org#47587,"JAAN, GONDANG, NGANJUK, JAWA TIMUR",13,156,18,174
https://kawalpemilu.org#42933,"PAKEL, PULE, TRENGGALEK, JAWA TIMUR",7,153,25,178
https://kawalpemilu.org#48268,"WONOKERTO, KEDUNGGALAR, NGAWI, JAWA TIMUR",2,151,28,179
https://kawalpemilu.org#43595,"PAGERGUNUNG, KESAMBEN, BLITAR, JAWA TIMUR",7,127,5,132
https://kawalpemilu.org#44156,"KEMIRI, KEPANJEN, MALANG, JAWA TIMUR",12,155,46,201
https://kawalpemilu.org#47922,"KARANGREJO, KAWEDANAN, MAGETAN, JAWA TIMUR",8,167,43,210
https://kawalpemilu.org#43356,"TANGGUNG GUNUNG, TANGGUNGGUNUNG, TULUNGAGUNG, JAWA TIMUR",1,163,13,176
https://kawalpemilu.org#50620,"RANGPERANG DAJA, PROPPO, PAMEKASAN, JAWA TIMUR",2,18,119,137
https://kawalpemilu.org#47730,"NGLANDUK, WUNGU, MADIUN, JAWA TIMUR",1,94,62,156
https://kawalpemilu.org#48335,"GERIH, GERIH, NGAWI, JAWA TIMUR",38,181,38,219
https://kawalpemilu.org#46903,"BRANGKAL, SOOKO, MOJOKERTO, JAWA TIMUR",1,174,25,199
https://kawalpemilu.org#46145,"PAJARAN, REMBANG, PASURUAN, JAWA TIMUR",5,116,148,264
https://kawalpemilu.org#45829,"PIKATAN, GENDING, PROBOLINGGO, JAWA TIMUR",5,104,66,170
https://kawalpemilu.org#48551,"TEMU, KANOR, BOJONEGORO, JAWA TIMUR",2,98,105,203
https://kawalpemilu.org#45106,"WONGSOREJO, WONGSOREJO, BANYUWANGI, JAWA TIMUR",10,123,87,210
https://kawalpemilu.org#44330,"SUMBERPORONG, LAWANG, MALANG, JAWA TIMUR",6,123,70,193
https://kawalpemilu.org#43742,"WONOREJO, PUNCU, KEDIRI, JAWA TIMUR",9,179,26,205
https://kawalpemilu.org#48219,"SUKOWIYONO, PADAS, NGAWI, JAWA TIMUR",4,175,48,223
https://kawalpemilu.org#43387,"TOGOGAN, SRENGAT, BLITAR, JAWA TIMUR",11,196,12,208
https://kawalpemilu.org#43571,"BABADAN, WLINGI, BLITAR, JAWA TIMUR",19,81,45,126
https://kawalpemilu.org#50072,"KAMAL, KAMAL, BANGKALAN, JAWA TIMUR",8,87,97,184
https://kawalpemilu.org#47074,"KEDUNGLUMPANG, MOJOAGUNG, JOMBANG, JAWA TIMUR",6,185,12,197
https://kawalpemilu.org#46930,"BERATWETAN, GEDEG, MOJOKERTO, JAWA TIMUR",4,124,29,153
https://kawalpemilu.org#44597,"BANYUPUTIH LOR, RANDUAGUNG, LUMAJANG, JAWA TIMUR",3,114,136,250
https://kawalpemilu.org#47353,"MAGUAN, BERBEK, NGANJUK, JAWA TIMUR",1,146,24,170
https://kawalpemilu.org#43895,"KRENCENG, KEPUNG, KEDIRI, JAWA TIMUR",5,114,44,158
https://kawalpemilu.org#51353,"MANISREJO, TAMAN, KOTA MADIUN, JAWA TIMUR",34,81,75,156
https://kawalpemilu.org#51391,"PETEMON, SAWAHAN, KOTA SURABAYA, JAWA TIMUR",50,136,32,168
https://kawalpemilu.org#43820,"KWARON, PAPAR, KEDIRI, JAWA TIMUR",1,164,40,204
https://kawalpemilu.org#47157,"KEPUHKEMBENG, PETERONGAN, JOMBANG, JAWA TIMUR",7,135,31,166
https://kawalpemilu.org#43024,"KELUTAN, TRENGGALEK, TRENGGALEK, JAWA TIMUR",12,135,64,199
https://kawalpemilu.org#43506,"KALIPANG, SUTOJAYAN, BLITAR, JAWA TIMUR",30,96,14,110
https://kawalpemilu.org#43974,"PARON, NGASEM, KEDIRI, JAWA TIMUR",10,166,28,194
https://kawalpemilu.org#50766,"GADDING, MANDING, SUMENEP, JAWA TIMUR",7,18,143,161
https://kawalpemilu.org#44106,"UNDAAN, TUREN, MALANG, JAWA TIMUR",7,174,42,216
https://kawalpemilu.org#44650,"SARIMULYO, JOMBANG, JEMBER, JAWA TIMUR",4,97,84,181
https://kawalpemilu.org#43101,"SOBONTORO, BOYOLANGU, TULUNGAGUNG, JAWA TIMUR",11,146,69,215
https://kawalpemilu.org#48834,"DINGIL, JATIROGO, TUBAN, JAWA TIMUR",6,126,26,152
https://kawalpemilu.org#49001,"SUMURGENENG, JENU, TUBAN, JAWA TIMUR",6,145,41,186
https://kawalpemilu.org#42696,"SERANGAN, MLARAK, PONOROGO, JAWA TIMUR",1,144,87,231
https://kawalpemilu.org#50558,"JARIN, PADEMAWU, PAMEKASAN, JAWA TIMUR",8,61,150,211
https://kawalpemilu.org#51449,"MANUKAN KULON, TANDES, KOTA SURABAYA, JAWA TIMUR",28,128,93,221
https://kawalpemilu.org#48119,"SINE, SINE, NGAWI, JAWA TIMUR",10,124,64,188
https://kawalpemilu.org#45715,"JABUNG SISIR, PAITON, PROBOLINGGO, JAWA TIMUR",9,78,170,248
https://kawalpemilu.org#44770,"SERUT, PANTI, JEMBER, JAWA TIMUR",28,113,60,173
https://kawalpemilu.org#50051,"JADDIH, SOCAH, BANGKALAN, JAWA TIMUR",21,175,65,240
https://kawalpemilu.org#48552,"SIMOREJO, KANOR, BOJONEGORO, JAWA TIMUR",5,94,132,226
https://kawalpemilu.org#43957,"JEMEKAN, RINGINREJO, KEDIRI, JAWA TIMUR",4,163,31,194
https://kawalpemilu.org#48252,"TEGUHAN, PARON, NGAWI, JAWA TIMUR",1,218,35,253
https://kawalpemilu.org#43043,"NGADIREJO, POGALAN, TRENGGALEK, JAWA TIMUR",1,175,41,216
https://kawalpemilu.org#51357,"TAMAN, TAMAN, KOTA MADIUN, JAWA TIMUR",8,132,62,194
https://kawalpemilu.org#44671,"GUMUKMAS, GUMUKMAS, JEMBER, JAWA TIMUR",23,146,51,197
https://kawalpemilu.org#49132,"NGADIREJO, WIDANG, TUBAN, JAWA TIMUR",10,136,21,157
https://kawalpemilu.org#44295,"KEPUHARJO, KARANGPLOSO, MALANG, JAWA TIMUR",15,176,73,249
https://kawalpemilu.org#43157,"PENJOR, PAGERWOJO, TULUNGAGUNG, JAWA TIMUR",7,149,23,172
https://kawalpemilu.org#51398,"EMBONG KALIASIN, GENTENG, KOTA SURABAYA, JAWA TIMUR",25,139,72,211
https://kawalpemilu.org#44753,"PONTANG, AMBULU, JEMBER, JAWA TIMUR",30,173,24,197
https://kawalpemilu.org#45985,"ORO ORO PULE, KEJAYAN, PASURUAN, JAWA TIMUR",5,38,148,186
https://kawalpemilu.org#43304,"NGENTRONG, CAMPURDARAT, TULUNGAGUNG, JAWA TIMUR",12,174,14,188
https://kawalpemilu.org#46670,"WADUNGASRI, WARU, SIDOARJO, JAWA TIMUR",12,150,74,224
https://kawalpemilu.org#51477,"KANDANGAN, BENOWO, KOTA SURABAYA, JAWA TIMUR",14,184,39,223
https://kawalpemilu.org#43741,"GADUNGAN, PUNCU, KEDIRI, JAWA TIMUR",44,124,39,163
https://kawalpemilu.org#50696,"WARU TIMUR, WARU, PAMEKASAN, JAWA TIMUR",25,0,170,170
https://kawalpemilu.org#46878,"BALONGMOJO, PURI, MOJOKERTO, JAWA TIMUR",3,151,52,203
https://kawalpemilu.org#42940,"CAKUL, DONGKO, TRENGGALEK, JAWA TIMUR",2,181,22,203
https://kawalpemilu.org#46441,"DURUNGBEDUG, CANDI, SIDOARJO, JAWA TIMUR",11,175,55,230
https://kawalpemilu.org#44484,"KRATON, YOSOWILANGUN, LUMAJANG, JAWA TIMUR",4,110,89,199
https://kawalpemilu.org#44180,"BULULAWANG, BULULAWANG, MALANG, JAWA TIMUR",5,106,80,186
https://kawalpemilu.org#49339,"PATAAN, SAMBENG, LAMONGAN, JAWA TIMUR",2,132,46,178
https://kawalpemilu.org#43753,"KAWEDUSAN, PLOSOKLATEN, KEDIRI, JAWA TIMUR",8,140,22,162
https://kawalpemilu.org#49230,"KEBALANDONO, BABAT, LAMONGAN, JAWA TIMUR",9,95,104,199
https://kawalpemilu.org#44080,"WONOMULYO, PONCOKUSUMO, MALANG, JAWA TIMUR",17,187,28,215
https://kawalpemilu.org#46556,"SEKETI, BALONGBENDO, SIDOARJO, JAWA TIMUR",6,178,33,211
https://kawalpemilu.org#50575,"TOBUNGAN, GALIS, PAMEKASAN, JAWA TIMUR",4,24,198,222
https://kawalpemilu.org#51087,"DANDUNG, KANGAYAN, SUMENEP, JAWA TIMUR",3,27,145,172
https://kawalpemilu.org#44905,"HARJOMULYO, SILO, JEMBER, JAWA TIMUR",32,153,4,157
https://kawalpemilu.org#45022,"SINGOJURUH, SINGOJURUH, BANYUWANGI, JAWA TIMUR",3,100,60,160
https://kawalpemilu.org#49095,"PLANDIREJO, PLUMPANG, TUBAN, JAWA TIMUR",3,195,50,245
https://kawalpemilu.org#47476,"JEKEK, BARON, NGANJUK, JAWA TIMUR",15,165,31,196
https://kawalpemilu.org#46417,"PUTAT, TANGGULANGIN, SIDOARJO, JAWA TIMUR",3,85,142,227
https://kawalpemilu.org#44790,"AJUNG, AJUNG, JEMBER, JAWA TIMUR",11,66,126,192
https://kawalpemilu.org#51267,"JREBENG LOR, KEDOPAK, KOTA PROBOLINGGO, JAWA TIMUR",17,121,99,220
https://kawalpemilu.org#51278,"GADINGREJO, GADINGREJO, KOTA PASURUAN, JAWA TIMUR",22,116,47,163
https://kawalpemilu.org#51232,"TASIKMADU, LOWOKWARU, KOTA MALANG, JAWA TIMUR",3,155,54,209
https://kawalpemilu.org#47865,"SOMBO, PONCOL, MAGETAN, JAWA TIMUR",4,126,32,158
https://kawalpemilu.org#43750,"PLOSO LOR, PLOSOKLATEN, KEDIRI, JAWA TIMUR",7,151,23,174
https://kawalpemilu.org#49235,"TRITUNGGAL, BABAT, LAMONGAN, JAWA TIMUR",9,202,25,227
https://kawalpemilu.org#44323,"LAWANG, LAWANG, MALANG, JAWA TIMUR",11,76,77,153
https://kawalpemilu.org#46997,"WUNUT, MOJOANYAR, MOJOKERTO, JAWA TIMUR",1,158,74,232
https://kawalpemilu.org#42595,"WONODADI, NGRAYUN, PONOROGO, JAWA TIMUR",3,156,55,211
https://kawalpemilu.org#44395,"JAMBUWER, KROMENGAN, MALANG, JAWA TIMUR",3,98,33,131
https://kawalpemilu.org#45505,"JATISARI, ARJASA, SITUBONDO, JAWA TIMUR",8,68,131,199
https://kawalpemilu.org#51209,"CIPTOMULYO, SUKUN, KOTA MALANG, JAWA TIMUR",1,156,60,216
https://kawalpemilu.org#46639,"KEBOANANOM, GEDANGAN, SIDOARJO, JAWA TIMUR",23,182,61,243
https://kawalpemilu.org#49365,"PANGKATREJO, SUGIO, LAMONGAN, JAWA TIMUR",4,96,52,148
https://kawalpemilu.org#50419,"BAJRASOKAH, KEDUNGDUNG, SAMPANG, JAWA TIMUR",15,102,51,153
https://kawalpemilu.org#47930,"TAWANGANOM, MAGETAN, MAGETAN, JAWA TIMUR",3,101,63,164
https://kawalpemilu.org#47093,"KEDUNGPARI, MOJOWARNO, JOMBANG, JAWA TIMUR",16,125,41,166
https://kawalpemilu.org#50405,"TAMBAK, OMBEN, SAMPANG, JAWA TIMUR",34,2,209,211
https://kawalpemilu.org#45043,"PENGATIGAN, ROGOJAMPI, BANYUWANGI, JAWA TIMUR",8,162,38,200
https://kawalpemilu.org#60257,"SUNGAI RAYA, SUNGAI RAYA, KUBU RAYA, KALIMANTAN BARAT",26,33,187,220
https://kawalpemilu.org#85337,"DELINTAS KARYA, BOYAN TANJUNG, KAPUAS HULU, KALIMANTAN BARAT",1,129,48,177
https://kawalpemilu.org#58625,"UPE, BONTI, SANGGAU, KALIMANTAN BARAT",7,210,17,227
https://kawalpemilu.org#59963,"BATU NANTA, BELIMBING, MELAWI, KALIMANTAN BARAT",1,232,35,267
https://kawalpemilu.org#58470,"SABARAN, JAWAI SELATAN, SAMBAS, KALIMANTAN BARAT",5,101,64,165
https://kawalpemilu.org#59695,"BENGKILU, TUJUH BELAS, BENGKAYANG, KALIMANTAN BARAT",2,218,22,240
https://kawalpemilu.org#60232,"PASIRAN, SINGKAWANG BARAT, KOTA SINGKAWANG, KALIMANTAN BARAT",107,79,3,82
https://kawalpemilu.org#85357,"SUNGAI RAYA DALAM, SUNGAI RAYA, KUBU RAYA, KALIMANTAN BARAT",37,73,89,162
https://kawalpemilu.org#58360,"SERINDANG, TEBAS, SAMBAS, KALIMANTAN BARAT",4,107,84,191
https://kawalpemilu.org#58371,"JELUTUNG, PEMANGKAT, SAMBAS, KALIMANTAN BARAT",16,104,12,116
https://kawalpemilu.org#60305,"PADANG TIKAR SATU, BATU AMPAR, KUBU RAYA, KALIMANTAN BARAT",4,25,184,209
https://kawalpemilu.org#58763,"BATU PAYUNG DUA, MARAU, KETAPANG, KALIMANTAN BARAT",2,143,19,162
https://kawalpemilu.org#59357,"MENUA SADAP, EMBALOH HULU, KAPUAS HULU, KALIMANTAN BARAT",3,56,5,61
https://kawalpemilu.org#60205,"SIANTAN TENGAH, PONTIANAK UTARA, KOTA PONTIANAK, KALIMANTAN BARAT",92,15,154,169
https://kawalpemilu.org#58510,"SUNGAI PINYUH, SUNGAI PINYUH, MEMPAWAH, KALIMANTAN BARAT",33,43,160,203
https://kawalpemilu.org#60251,"SEDAU, SINGKAWANG SELATAN, KOTA SINGKAWANG, KALIMANTAN BARAT",72,182,7,189
https://kawalpemilu.org#58753,"LAMAN SATONG, MATAN HILIR UTARA, KETAPANG, KALIMANTAN BARAT",8,136,53,189
https://kawalpemilu.org#60251,"SEDAU, SINGKAWANG SELATAN, KOTA SINGKAWANG, KALIMANTAN BARAT",7,103,24,127
https://kawalpemilu.org#59891,"TINTING BOYOK, SEKADAU HULU, SEKADAU, KALIMANTAN BARAT",5,276,3,279
https://kawalpemilu.org#58592,"PENYELIMAU JAYA, KAPUAS, SANGGAU, KALIMANTAN BARAT",3,190,24,214
https://kawalpemilu.org#58709,"MAK KAWING, BALAI, SANGGAU, KALIMANTAN BARAT",3,156,4,160
https://kawalpemilu.org#64062,"ALALAK TENGAH, BANJARMASIN UTARA, KOTA BANJARMASIN, KALIMANTAN SELATAN",20,36,61,97
https://kawalpemilu.org#64038,"PEMURUS DALAM, BANJARMASIN SELATAN, KOTA BANJARMASIN, KALIMANTAN SELATAN",19,88,152,240
https://kawalpemilu.org#63380,"SUNGAI DALAM, BABIRIK, HULU SUNGAI UTARA, KALIMANTAN SELATAN",1,44,152,196
https://kawalpemilu.org#63747,"MANURUNG, KUSAN HILIR, TANAH BUMBU, KALIMANTAN SELATAN",2,75,162,237
https://kawalpemilu.org#63826,"WARINGIN TUNGGAL, KURANJI, TANAH BUMBU, KALIMANTAN SELATAN",3,76,90,166
https://kawalpemilu.org#62787,"JAMBU, KURIPAN, BARITO KUALA, KALIMANTAN SELATAN",1,47,145,192
https://kawalpemilu.org#63202,"PANTAI HAMBAWANG BARAT, LABUAN AMAS SELATAN, HULU SUNGAI TENGAH, KALIMANTAN SELATAN",10,24,82,106
https://kawalpemilu.org#62362,"KERTAK HANYAR II, KERTAK HANYAR, BANJAR, KALIMANTAN SELATAN",7,50,98,148
https://kawalpemilu.org#62369,"GAMBUT, GAMBUT, BANJAR, KALIMANTAN SELATAN",47,56,134,190
https://kawalpemilu.org#63031,"PANDULANGAN, PADANG BATUNG, HULU SUNGAI SELATAN, KALIMANTAN SELATAN",3,30,152,182
https://kawalpemilu.org#63074,"GAMBAH LUAR, KANDANGAN, HULU SUNGAI SELATAN, KALIMANTAN SELATAN",2,17,104,121
https://kawalpemilu.org#62911,"BANUA HALAT KIRI, TAPIN UTARA, TAPIN, KALIMANTAN SELATAN",2,44,215,259
https://kawalpemilu.org#62344,"BUNIPAH, ALUH ALUH, BANJAR, KALIMANTAN SELATAN",3,51,122,173
https://kawalpemilu.org#64057,"TELUK TIRAM, BANJARMASIN BARAT, KOTA BANJARMASIN, KALIMANTAN SELATAN",13,90,84,174
https://kawalpemilu.org#64097,"LANDASAN ULIN TENGAH, LIANG ANGGANG, KOTA BANJARBARU, KALIMANTAN SELATAN",10,73,127,200
https://kawalpemilu.org#63816,"PURWODADI, ANGSANA, TANAH BUMBU, KALIMANTAN SELATAN",7,114,70,184
https://kawalpemilu.org#63683,"PADANGIN, MUARA HARUS, TABALONG, KALIMANTAN SELATAN",2,31,154,185
https://kawalpemilu.org#928282,"PULAU TELO BARU, SELAT, KAPUAS, KALIMANTAN TENGAH",3,76,55,131
https://kawalpemilu.org#60569,"BAPINANG HILIR, PULAU HANAUT, KOTAWARINGIN TIMUR, KALIMANTAN TENGAH",1,48,129,177
https://kawalpemilu.org#61675,"BUNTOI, KAHAYAN HILIR, PULANG PISAU, KALIMANTAN TENGAH",5,197,44,241
https://kawalpemilu.org#60547,"EKA BAHURUI, MENTAWA BARU KETAPANG, KOTAWARINGIN TIMUR, KALIMANTAN TENGAH",7,63,62,125
https://kawalpemilu.org#61923,"WURAN, KARUSEN JANANG, BARITO TIMUR, KALIMANTAN TENGAH",1,109,9,118
https://kawalpemilu.org#61495,"KUALA KURUN, KURUN, GUNUNG MAS, KALIMANTAN TENGAH",20,80,9,89
https://kawalpemilu.org#61931,"PAHANDUT, PAHANDUT, KOTA PALANGKARAYA, KALIMANTAN TENGAH",69,34,48,82
https://kawalpemilu.org#60453,"PANGKALAN DURIN, PANGKALAN LADA, KOTAWARINGIN BARAT, KALIMANTAN TENGAH",2,154,35,189
https://kawalpemilu.org#60444,"PANDU SANJAYA, PANGKALAN LADA, KOTAWARINGIN BARAT, KALIMANTAN TENGAH",12,201,13,214
https://kawalpemilu.org#61637,"BAHAUR HILIR, KAHAYAN KUALA, PULANG PISAU, KALIMANTAN TENGAH",2,70,168,238
https://kawalpemilu.org#64485,"PERANGAT BARU, MARANG KAYU, KUTAI KARTANEGARA, KALIMANTAN TIMUR",2,133,96,229
https://kawalpemilu.org#65560,"GUNUNGBAHAGIA, BALIKPAPAN SELATAN, KOTA BALIKPAPAN, KALIMANTAN TIMUR",24,79,58,137
https://kawalpemilu.org#64259,"JANTUR SELATAN, MUARA MUNTAI, KUTAI KARTANEGARA, KALIMANTAN TIMUR",3,133,76,209
https://kawalpemilu.org#65547,"GUNUNGSARI ULU, BALIKPAPAN TENGAH, KOTA BALIKPAPAN, KALIMANTAN TIMUR",36,83,80,163
https://kawalpemilu.org#65557,"KLANDASAN ILIR, BALIKPAPAN KOTA, KOTA BALIKPAPAN, KALIMANTAN TIMUR",65,85,60,145
https://kawalpemilu.org#64389,"MENAMANG KANAN, MUARA KAMAN, KUTAI KARTANEGARA, KALIMANTAN TIMUR",1,213,19,232
https://kawalpemilu.org#65585,"GUNUNG KELUA, SAMARINDA ULU, KOTA SAMARINDA, KALIMANTAN TIMUR",7,74,114,188
https://kawalpemilu.org#65600,"LOA BAKUNG, SUNGAI KUNJANG, KOTA SAMARINDA, KALIMANTAN TIMUR",43,48,98,146
https://kawalpemilu.org#64553,"GAYAM, TANJUNG REDEB, BERAU, KALIMANTAN TIMUR",27,62,47,109
https://kawalpemilu.org#64430,"HANDIL BARU, SAMBOJA, KUTAI KARTANEGARA, KALIMANTAN TIMUR",10,21,41,62
https://kawalpemilu.org#65267,"MUHUR, SILUQ NGURAI, KUTAI BARAT, KALIMANTAN TIMUR",3,206,15,221
https://kawalpemilu.org#64176,"LOMBOK, LONG IKIS, PASER, KALIMANTAN TIMUR",5,103,101,204
https://kawalpemilu.org#65581,"AIR PUTIH, SAMARINDA ULU, KOTA SAMARINDA, KALIMANTAN TIMUR",57,71,86,157
https://kawalpemilu.org#64573,"KASAI, PULAU DERAWAN, BERAU, KALIMANTAN TIMUR",5,136,53,189
https://kawalpemilu.org#64824,"PA'LEMUMUT, LUMBIS, NUNUKAN, KALIMANTAN UTARA",1,34,9,43
https://kawalpemilu.org#64715,"BALANSIKU, SEBATIK, NUNUKAN, KALIMANTAN UTARA",5,93,10,103
https://kawalpemilu.org#65650,"PANTAI AMAL, TARAKAN TIMUR, KOTA TARAKAN, KALIMANTAN UTARA",12,172,54,226
https://kawalpemilu.org#25115,"AIR BATU BUDING, BADAU, BELITUNG, KEPULAUAN BANGKA BELITUNG",3,170,38,208
https://kawalpemilu.org#25240,"KULUR, LUBUK BESAR, BANGKA TENGAH, KEPULAUAN BANGKA BELITUNG",4,98,11,109
https://kawalpemilu.org#25307,"TELAK, PARITTIGA, BANGKA BARAT, KEPULAUAN BANGKA BELITUNG",2,146,126,272
https://kawalpemilu.org#25096,"PULAU SUMEDANG, MEMBALONG, BELITUNG, KEPULAUAN BANGKA BELITUNG",1,141,15,156
https://kawalpemilu.org#25322,"LALANG, MANGGAR, BELITUNG TIMUR, KEPULAUAN BANGKA BELITUNG",4,169,58,227
https://kawalpemilu.org#25593,"TELAGA TUJUH, DURAI, KARIMUN, KEPULAUAN RIAU",2,93,66,159
https://kawalpemilu.org#25810,"BALOI PERMAI, BATAM KOTA, KOTA BATAM, KEPULAUAN RIAU",84,77,88,165
https://kawalpemilu.org#25570,"DARUSSALAM, MERAL BARAT, KARIMUN, KEPULAUAN RIAU",6,51,110,161
https://kawalpemilu.org#25813,"SUNGAI BINTI, SAGULUNG, KOTA BATAM, KEPULAUAN RIAU",1,59,107,166
https://kawalpemilu.org#25795,"REMPANG CATE, GALANG, KOTA BATAM, KEPULAUAN RIAU",4,89,41,130
https://kawalpemilu.org#25810,"BALOI PERMAI, BATAM KOTA, KOTA BATAM, KEPULAUAN RIAU",5,86,64,150
https://kawalpemilu.org#25580,"SEI UNGAR UTARA, KUNDUR UTARA, KARIMUN, KEPULAUAN RIAU",6,76,101,177
https://kawalpemilu.org#22953,"NUNGGAL REJO, PUNGGUR, LAMPUNG TENGAH, LAMPUNG",2,199,37,236
https://kawalpemilu.org#22889,"PONCO WARNO, KALIREJO, LAMPUNG TENGAH, LAMPUNG",6,114,43,157
https://kawalpemilu.org#24932,"HANURA, TELUK PANDAN, PESAWARAN, LAMPUNG",4,73,79,152
https://kawalpemilu.org#23980,"SUMBER MULYA, PULAU PANGGUNG, TANGGAMUS, LAMPUNG",5,79,97,176
https://kawalpemilu.org#22691,"TARAHAN, KATIBUNG, LAMPUNG SELATAN, LAMPUNG",6,102,140,242
https://kawalpemilu.org#929386,"SIMPANG MESUJI, SIMPANG PEMATANG, MESUJI, LAMPUNG",3,81,162,243
https://kawalpemilu.org#22731,"TANJUNG SARI, PALAS, LAMPUNG SELATAN, LAMPUNG",6,131,21,152
https://kawalpemilu.org#87250,"SUMBERREJO SEJAHTERA, KEMILING, KOTA BANDAR LAMPUNG, LAMPUNG",12,135,87,222
https://kawalpemilu.org#24956,"KAMPUNG BARU, MARGA PUNDUH, PESAWARAN, LAMPUNG",6,60,91,151
https://kawalpemilu.org#87255,"KOTA SEPANG, LABUHAN RATU, KOTA BANDAR LAMPUNG, LAMPUNG",12,86,78,164
https://kawalpemilu.org#24677,"ADI JAYA, NEGARA BATIN, WAY KANAN, LAMPUNG",2,133,36,169
https://kawalpemilu.org#23093,"GUNUNGHAJI, PUBIAN, LAMPUNG TENGAH, LAMPUNG",4,97,59,156
https://kawalpemilu.org#23823,"SUKAMAJU, BANJAR MARGO, TULANG BAWANG, LAMPUNG",3,114,131,245
https://kawalpemilu.org#23300,"KOTA NEGARA, SUNGKAI UTARA, LAMPUNG UTARA, LAMPUNG",45,141,72,213
https://kawalpemilu.org#23975,"PULAU PANGGUNG, PULAU PANGGUNG, TANGGAMUS, LAMPUNG",3,54,103,157
https://kawalpemilu.org#22516,"SRI TANJUNG, TANJUNG RAYA, MESUJI, LAMPUNG",2,132,16,148
https://kawalpemilu.org#24399,"SRIMENANTI, BANDAR SRIBHAWONO, LAMPUNG TIMUR, LAMPUNG",1,129,81,210
https://kawalpemilu.org#24549,"BALI SADAR TENGAH, BANJIT, WAY KANAN, LAMPUNG",4,184,45,229
https://kawalpemilu.org#23279,"CANDI MAS, ABUNG SELATAN, LAMPUNG UTARA, LAMPUNG",52,34,96,130
https://kawalpemilu.org#23577,"TAPAK SIRING, SUKAU, LAMPUNG BARAT, LAMPUNG",2,18,102,120
https://kawalpemilu.org#23340,"PEKURUN BARAT, ABUNG TENGAH, LAMPUNG UTARA, LAMPUNG",36,86,46,132
https://kawalpemilu.org#22642,"PURWODADI SIMPANG, TANJUNG BINTANG, LAMPUNG SELATAN, LAMPUNG",12,147,81,228
https://kawalpemilu.org#23228,"MERAMBUNG, TANJUNG RAJA, LAMPUNG UTARA, LAMPUNG",75,29,86,115
https://kawalpemilu.org#22682,"SUAK, SIDOMULYO, LAMPUNG SELATAN, LAMPUNG",10,113,88,201
https://kawalpemilu.org#22971,"TERBANGGI BESAR, TERBANGGI BESAR, LAMPUNG TENGAH, LAMPUNG",52,80,80,160
https://kawalpemilu.org#24209,"TERBANGGI MARGA, SUKADANA, LAMPUNG TIMUR, LAMPUNG",6,122,83,205
https://kawalpemilu.org#23288,"KEMBANG GADING, ABUNG SELATAN, LAMPUNG UTARA, LAMPUNG",1,0,0,0
https://kawalpemilu.org#87259,"BUMI KEDAMAIAN, KEDAMAIAN, KOTA BANDAR LAMPUNG, LAMPUNG",27,81,129,210
https://kawalpemilu.org#22525,"PANARAGAN, TULANG BAWANG TENGAH, TULANG BAWANG BARAT, LAMPUNG",4,50,130,180
https://kawalpemilu.org#84833,"MULYO ASRI, TULANG BAWANG TENGAH, TULANG BAWANG BARAT, LAMPUNG",16,68,130,198
https://kawalpemilu.org#24297,"BRAJA SAKTI, WAY JEPARA, LAMPUNG TIMUR, LAMPUNG",12,105,79,184
https://kawalpemilu.org#22958,"NGESTI RAHAYU, PUNGGUR, LAMPUNG TENGAH, LAMPUNG",9,168,47,215
https://kawalpemilu.org#23530,"BEDUDU, BELALAU, LAMPUNG BARAT, LAMPUNG",2,37,165,202
https://kawalpemilu.org#23207,"SRI BASUKI, KOTABUMI, LAMPUNG UTARA, LAMPUNG",17,0,0,0
https://kawalpemilu.org#23191,"BUKIT KEMUNING, BUKIT KEMUNING, LAMPUNG UTARA, LAMPUNG",26,89,102,191
https://kawalpemilu.org#-990354,"Doha, Doha, Qatar, Luar Negeri",13,56,140,196
https://kawalpemilu.org#-991084,"Johor Bahru, Johor Bahru, Malaysia, Luar Negeri",2231,109,37,146
https://kawalpemilu.org#-990634,"Paramaribo, Paramaribo, Suriname, Luar Negeri",2001,81,45,126
https://kawalpemilu.org#-990784,"Singapura, Singapura, Singapura, Luar Negeri",30,742,121,863
https://kawalpemilu.org#77930,"PARIGI, TALIABU TIMUR, PULAU TALIABU, MALUKU UTARA",2,34,149,183
https://kawalpemilu.org#77782,"WAYAKUBA, BACAN TIMUR SELATAN, HALMAHERA SELATAN, MALUKU UTARA",1,64,160,224
https://kawalpemilu.org#77953,"LEDE, LEDE, PULAU TALIABU, MALUKU UTARA",4,87,119,206
https://kawalpemilu.org#78096,"TAFAGA, PULAU MOTI, KOTA TERNATE, MALUKU UTARA",2,16,185,201
https://kawalpemilu.org#77366,"SOA-SIO, GALELA, HALMAHERA UTARA, MALUKU UTARA",1,20,119,139
https://kawalpemilu.org#76679,"GRANDENG, LOLONG GUBA, BURU, MALUKU",6,72,81,153
https://kawalpemilu.org#76271,"LEKSULA, LEKSULA, BURU SELATAN, MALUKU",5,84,56,140
https://kawalpemilu.org#77011,"PANDAN KASTURI, SIRIMAU, KOTA AMBON, MALUKU",17,26,142,168
https://kawalpemilu.org#77027,"PASSO, BAGUALA, KOTA AMBON, MALUKU",21,200,7,207
https://kawalpemilu.org#76438,"NAMAELO, KOTA MASOHI, MALUKU TENGAH, MALUKU",29,18,115,133
https://kawalpemilu.org#76459,"LIANG, TELUK ELPAPUTIH, MALUKU TENGAH, MALUKU",5,90,4,94
https://kawalpemilu.org#76379,"HAYA, TEHORU, MALUKU TENGAH, MALUKU",4,40,140,180
https://kawalpemilu.org#55013,"RABADOMPU BARAT, RABA, KOTA BIMA, NUSA TENGGARA BARAT",15,19,172,191
https://kawalpemilu.org#54092,"MEKARSARI, GUNUNGSARI, LOMBOK BARAT, NUSA TENGGARA BARAT",2,163,26,189
https://kawalpemilu.org#54845,"BELO, PALIBELO, BIMA, NUSA TENGGARA BARAT",2,32,166,198
https://kawalpemilu.org#54130,"TIWUGALIH, PRAYA, LOMBOK TENGAH, NUSA TENGGARA BARAT",10,68,152,220
https://kawalpemilu.org#54347,"JURIT, PRINGGASELA, LOMBOK TIMUR, NUSA TENGGARA BARAT",5,35,113,148
https://kawalpemilu.org#84997,"GOLONG, NARMADA, LOMBOK BARAT, NUSA TENGGARA BARAT",9,42,134,176
https://kawalpemilu.org#87711,"BANJARSARI, LABUHAN HAJI, LOMBOK TIMUR, NUSA TENGGARA BARAT",13,69,106,175
https://kawalpemilu.org#85003,"JERINGGO, GUNUNGSARI, LOMBOK BARAT, NUSA TENGGARA BARAT",6,74,113,187
https://kawalpemilu.org#84996,"GIRI TEMBESI, GERUNG, LOMBOK BARAT, NUSA TENGGARA BARAT",4,167,18,185
https://kawalpemilu.org#54060,"KRAMA JAYA, NARMADA, LOMBOK BARAT, NUSA TENGGARA BARAT",3,95,103,198
https://kawalpemilu.org#85085,"WANASABA LAUK, WANASABA, LOMBOK TIMUR, NUSA TENGGARA BARAT",16,54,160,214
https://kawalpemilu.org#55055,"AKAR-AKAR, BAYAN, LOMBOK UTARA, NUSA TENGGARA BARAT",13,90,69,159
https://kawalpemilu.org#54192,"SEMOYANG, PRAYA TIMUR, LOMBOK TENGAH, NUSA TENGGARA BARAT",18,47,177,224
https://kawalpemilu.org#54038,"GELOGOR, KEDIRI, LOMBOK BARAT, NUSA TENGGARA BARAT",15,16,177,193
https://kawalpemilu.org#54054,"SELAT, NARMADA, LOMBOK BARAT, NUSA TENGGARA BARAT",14,85,60,145
https://kawalpemilu.org#54731,"JIA, SAPE, BIMA, NUSA TENGGARA BARAT",8,28,170,198
https://kawalpemilu.org#54638,"RIWO, WOJA, DOMPU, NUSA TENGGARA BARAT",3,20,230,250
https://kawalpemilu.org#54732,"BUGIS, SAPE, BIMA, NUSA TENGGARA BARAT",3,45,164,209
https://kawalpemilu.org#54897,"SAPUGARA BREE, BRANG REA, SUMBAWA BARAT, NUSA TENGGARA BARAT",6,41,121,162
https://kawalpemilu.org#54331,"KALIJAGA SELATAN, AIKMEL, LOMBOK TIMUR, NUSA TENGGARA BARAT",2,73,75,148
https://kawalpemilu.org#56240,"ALLUMANG, PANTAR BARAT LAUT, ALOR, NUSA TENGGARA TIMUR",1,168,5,173
https://kawalpemilu.org#56926,"TAKATUNGA, GOLEWA SELATAN, NGADA, NUSA TENGGARA TIMUR",4,146,7,153
https://kawalpemilu.org#57437,"LEWOGROMA, ATADEI, LEMBATA, NUSA TENGGARA TIMUR",1,100,2,102
https://kawalpemilu.org#56697,"RENDORATERUA, PULAU ENDE, ENDE, NUSA TENGGARA TIMUR",4,15,118,133
https://kawalpemilu.org#55629,"TUNTUN, MIOMAFO TIMUR, TIMOR TENGAH UTARA, NUSA TENGGARA TIMUR",2,207,4,211
https://kawalpemilu.org#57581,"NETENAEN, ROTE BARAT LAUT, ROTE NDAO, NUSA TENGGARA TIMUR",2,134,10,144
https://kawalpemilu.org#57999,"TANA TEKE, WEWEWA SELATAN, SUMBA BARAT DAYA, NUSA TENGGARA TIMUR",1,178,9,187
https://kawalpemilu.org#58282,"BOLUA, RAIJUA, SABU RAIJUA, NUSA TENGGARA TIMUR",2,189,5,194
https://kawalpemilu.org#56722,"TETANDARA, ENDE SELATAN, ENDE, NUSA TENGGARA TIMUR",22,96,41,137
https://kawalpemilu.org#58032,"KALENA RONGO, KODI UTARA, SUMBA BARAT DAYA, NUSA TENGGARA TIMUR",3,176,18,194
https://kawalpemilu.org#55541,"FATUAT, KOT OLIN, TIMOR TENGAH SELATAN, NUSA TENGGARA TIMUR",2,192,6,198
https://kawalpemilu.org#55178,"NAUNU, FATULEU, KUPANG, NUSA TENGGARA TIMUR",1,223,17,240
https://kawalpemilu.org#57049,"LUNGAR, SATAR MESE, MANGGARAI, NUSA TENGGARA TIMUR",2,198,7,205
https://kawalpemilu.org#55842,"HALIMODOK, TASIFETOTIMUR, BELU, NUSA TENGGARA TIMUR",1,124,2,126
https://kawalpemilu.org#58056,"MAULAFA, MAULAFA, KOTA KUPANG, NUSA TENGGARA TIMUR",21,145,8,153
https://kawalpemilu.org#57780,"DHAWE, AESESA, NAGEKEO, NUSA TENGGARA TIMUR",6,231,10,241
https://kawalpemilu.org#58045,"NUNHILA, ALAK, KOTA KUPANG, NUSA TENGGARA TIMUR",1,183,9,192
https://kawalpemilu.org#927913,"WAE MOWOL, LEMBOR, MANGGARAI BARAT, NUSA TENGGARA TIMUR",5,120,6,126
https://kawalpemilu.org#55212,"FATUNAUS, AMFOANG UTARA, KUPANG, NUSA TENGGARA TIMUR",2,120,6,126
https://kawalpemilu.org#87114,"MIMPE, BUK, SORONG, PAPUA BARAT",1,220,5,225
https://kawalpemilu.org#81928,"AITINYO, AITINYO, MAYBRAT, PAPUA BARAT",1,144,15,159
https://kawalpemilu.org#83319,"SAWAGUMU, SORONG UTARA, KOTA SORONG, PAPUA BARAT",2,108,55,163
https://kawalpemilu.org#927765,"HASWEH, AITINYO BARAT, MAYBRAT, PAPUA BARAT",1,99,66,165
https://kawalpemilu.org#82134,"KLASULUK, MARIAT, SORONG, PAPUA BARAT",2,30,129,159
https://kawalpemilu.org#999010,"WEYAUGI, BAYA BIRU, PANIAI, PAPUA",1,198,0,198
https://kawalpemilu.org#80925,"BOGOBAIDA, BOGABAIDA, PANIAI, PAPUA",2,214,0,214
https://kawalpemilu.org#78323,"KAPIRAYA-KOMAUTO, KAPIRAYA, DEIYAI, PAPUA",6,283,0,283
https://kawalpemilu.org#929731,"BEAM, GELOK BEAM, LANNY JAYA, PAPUA",1,193,0,193
https://kawalpemilu.org#79958,"KONDO, NAUKENJERAI, MERAUKE, PAPUA",2,101,6,107
https://kawalpemilu.org#930556,"DATAUWO, YAGAI, PANIAI, PAPUA",1,200,0,200
https://kawalpemilu.org#81521,"DUGUMHAD, HOGIO, YAHUKIMO, PAPUA",1,279,0,279
https://kawalpemilu.org#79871,"SABUDOM, KIMAAM, MERAUKE, PAPUA",2,102,4,106
https://kawalpemilu.org#929763,"WIRINGGAME, KELULOME, LANNY JAYA, PAPUA",1,390,0,390
https://kawalpemilu.org#86230,"YEGEUGI, MENOU, NABIRE, PAPUA",5,186,0,186
https://kawalpemilu.org#81216,"YATU RAHARJA, ARSO BARAT, KEEROM, PAPUA",4,93,126,219
https://kawalpemilu.org#86818,"POPOME, MOKONI, LANNY JAYA, PAPUA",1,245,0,245
https://kawalpemilu.org#79833,"RIMBA JAYA, MERAUKE, MERAUKE, PAPUA",30,109,47,156
https://kawalpemilu.org#929694,"NINDONAK, AYUMNATI, LANNY JAYA, PAPUA",2,154,0,154
https://kawalpemilu.org#81309,"KIRIMU, OKBAB, PEGUNUNGAN BINTANG, PAPUA",1,140,0,202
https://kawalpemilu.org#929600,"GAWIWARAK, GAMELIA, LANNY JAYA, PAPUA",1,240,0,240
https://kawalpemilu.org#79828,"KARANG INDAH, MERAUKE, MERAUKE, PAPUA",22,92,7,99
https://kawalpemilu.org#79489,"YALENGGOLO, KELILA, MAMBERAMO TENGAH, PAPUA",3,200,0,200
https://kawalpemilu.org#88575,"UJUNGKIA, KI, BOVEN DIGOEL, PAPUA",1,79,7,86
https://kawalpemilu.org#15854,"RATU SIMA, DUMAI SELATAN, KOTA DUMAI, RIAU",40,75,115,190
https://kawalpemilu.org#14743,"PULAUKIJANG, Reteh, INDRAGIRI HILIR, RIAU",4,67,139,206
https://kawalpemilu.org#15833,"REJO SARI, TENAYAN RAYA, KOTA PEKANBARU, RIAU",28,85,137,222
https://kawalpemilu.org#15838,"AIR HITAM, PAYUNG SEKAKI, KOTA PEKANBARU, RIAU",9,111,51,162
https://kawalpemilu.org#84526,"TELUKMEREMPAN, MEMPURA, SIAK, RIAU",2,45,196,241
https://kawalpemilu.org#14229,"PANDAU JAYA, SIAK HULU, KAMPAR, RIAU",25,46,116,162
https://kawalpemilu.org#90465,"BAGAN BATU KOTA, BAGAN SINEMBAH, ROKAN HILIR, RIAU",15,123,29,152
https://kawalpemilu.org#15442,"MANDI ANGIN, MINAS, SIAK, RIAU",4,106,31,137
https://kawalpemilu.org#14169,"LANGGINI, BANGKINANG KOTA, KAMPAR, RIAU",31,7,139,146
https://kawalpemilu.org#14627,"SUNGAI AUR, BATANG PERANAP, INDRAGIRI HULU, RIAU",3,150,57,207
https://kawalpemilu.org#15044,"BALAM MERAH, BUNUT, PELALAWAN, RIAU",5,39,171,210
https://kawalpemilu.org#15365,"MELAYU TENGAH, TANAH PUTIH TANJUNG MELAWAN, ROKAN HILIR, RIAU",3,55,89,144
https://kawalpemilu.org#15508,"KERANJI GUGUH, KOTO GASIB, SIAK, RIAU",5,110,62,172
https://kawalpemilu.org#14695,"BATU PANJANG, RUPAT, BENGKALIS, RIAU",14,97,65,162
https://kawalpemilu.org#14851,"SUNGAIRAYA, Batang Tuaka, INDRAGIRI HILIR, RIAU",2,60,159,219
https://kawalpemilu.org#14233,"KUBANG JAYA, SIAK HULU, KAMPAR, RIAU",33,34,135,169
https://kawalpemilu.org#14684,"DURI BARAT, MANDAU, BENGKALIS, RIAU",42,10,124,134
https://kawalpemilu.org#14634,"RIMBA SEKAMPUNG, BENGKALIS, BENGKALIS, RIAU",7,65,123,188
https://kawalpemilu.org#14382,"SAWAH, KAMPAR UTARA, KAMPAR, RIAU",9,7,160,167
https://kawalpemilu.org#15878,"BASILAM BARU, SUNGAI SEMBILAN, KOTA DUMAI, RIAU",28,159,22,181
https://kawalpemilu.org#14317,"KOTA  BANGUN, TAPUNG HILIR, KAMPAR, RIAU",10,133,106,239
https://kawalpemilu.org#14170,"KUMANTAN, BANGKINANG KOTA, KAMPAR, RIAU",14,12,120,132
https://kawalpemilu.org#75787,"MALANGKENA PADANG, SESENAPADANG, MAMASA, SULAWESI BARAT",3,66,6,72
https://kawalpemilu.org#75807,"MASUPU, TABANG, MAMASA, SULAWESI BARAT",3,136,6,142
https://kawalpemilu.org#75485,"BAMBAIRA, BAMBAIRA, MAMUJU UTARA, SULAWESI BARAT",7,150,94,244
https://kawalpemilu.org#75879,"SURUANG, CAMPALAGIAN, POLEWALI MANDAR, SULAWESI BARAT",7,73,54,127
https://kawalpemilu.org#76025,"TONROLIMA, MATAKALI, POLEWALI MANDAR, SULAWESI BARAT",3,121,84,205
https://kawalpemilu.org#70201,"BALANGNIPA, SINJAI UTARA, SINJAI, SULAWESI SELATAN",23,49,170,219
https://kawalpemilu.org#69885,"BONTOMANAI, MANGARABOMBANG, TAKALAR, SULAWESI SELATAN",8,68,121,189
https://kawalpemilu.org#72071,"MALIMBU, SABBANG, LUWU UTARA, SULAWESI SELATAN",6,43,123,166
https://kawalpemilu.org#69694,"BARUA, EREMERASA, BANTAENG, SULAWESI SELATAN",7,45,145,190
https://kawalpemilu.org#69793,"BUNGENG, BATANG, JENEPONTO, SULAWESI SELATAN",3,18,130,148
https://kawalpemilu.org#69916,"BONTO KANANG, GALESONG SELATAN, TAKALAR, SULAWESI SELATAN",6,106,121,227
https://kawalpemilu.org#70214,"PASIR PUTIH, SINJAI BORONG, SINJAI, SULAWESI SELATAN",3,43,82,125
https://kawalpemilu.org#72342,"BARA BARAYA SELATAN, MAKASAR, KOTA MAKASSAR, SULAWESI SELATAN",17,68,132,200
https://kawalpemilu.org#70177,"SAUKANG, SINJAI TIMUR, SINJAI, SULAWESI SELATAN",2,63,159,222
https://kawalpemilu.org#69957,"PATTINOANG, GALESONG, TAKALAR, SULAWESI SELATAN",1,90,117,207
https://kawalpemilu.org#71273,"LAKESSI, MARITENGNGAE, SIDENRENG RAPPANG, SULAWESI SELATAN",7,62,149,211
https://kawalpemilu.org#72304,"KAWATA, WASUPONDA, LUWU TIMUR, SULAWESI SELATAN",4,57,54,111
https://kawalpemilu.org#69750,"BONTORANNU, BANGKALA, JENEPONTO, SULAWESI SELATAN",14,100,134,234
https://kawalpemilu.org#70046,"SUNGGUMINASA, SOMBA OPU, GOWA, SULAWESI SELATAN",6,95,164,259
https://kawalpemilu.org#71329,"LANGNGA, MATIRRO SOMPE, PINRANG, SULAWESI SELATAN",5,80,119,199
https://kawalpemilu.org#70265,"HULO, KAHU, BONE, SULAWESI SELATAN",7,112,65,177
https://kawalpemilu.org#90018,"BALANGDATU, MAPPAKASUNGGU, TAKALAR, SULAWESI SELATAN",1,139,22,161
https://kawalpemilu.org#72433,"TANJUNG MERDEKA, TAMALATE, KOTA MAKASSAR, SULAWESI SELATAN",24,108,107,215
https://kawalpemilu.org#69491,"KEMBANG RAGI, PASIMASUNGGU, KEPULAUAN SELAYAR, SULAWESI SELATAN",6,81,83,164
https://kawalpemilu.org#70537,"PADA CENGNGA, DUA BOCCOE, BONE, SULAWESI SELATAN",2,116,34,150
https://kawalpemilu.org#71544,"MEKKALA, CURIO, ENREKANG, SULAWESI SELATAN",1,50,145,195
https://kawalpemilu.org#69727,"BONTO RANNU, ULUERE, BANTAENG, SULAWESI SELATAN",1,18,127,145
https://kawalpemilu.org#70847,"BONTOA, MINASA TENE, PANGKAJENE DAN KEPULAUAN, SULAWESI SELATAN",4,74,145,219
https://kawalpemilu.org#72035,"PATOLOAN, BONE BONE, LUWU UTARA, SULAWESI SELATAN",11,44,117,161
https://kawalpemilu.org#70646,"BAJI MANGNGAI, MANDAI, MAROS, SULAWESI SELATAN",4,74,125,199
https://kawalpemilu.org#69286,"DERI, SESEAN, TORAJA UTARA, SULAWESI SELATAN",4,103,17,120
https://kawalpemilu.org#69896,"MONCONGKOMBA, POLOMBANGKENG SELATAN, TAKALAR, SULAWESI SELATAN",8,61,151,213
https://kawalpemilu.org#70966,"BARINGENG, LILIRILAU, SOPPENG, SULAWESI SELATAN",13,62,59,121
https://kawalpemilu.org#70341,"UJUNG TANAH, MARE, BONE, SULAWESI SELATAN",7,90,56,146
https://kawalpemilu.org#71274,"RIJANG PITTU, MARITENGNGAE, SIDENRENG RAPPANG, SULAWESI SELATAN",10,69,91,160
https://kawalpemilu.org#71311,"BETAO, PITU RIAWA, SIDENRENG RAPPANG, SULAWESI SELATAN",5,130,99,229
https://kawalpemilu.org#69397,"BARUPPU' PARODO, BARUPPU', TORAJA UTARA, SULAWESI SELATAN",5,107,20,127
https://kawalpemilu.org#72292,"ARGOMULYO, KALAENA, LUWU TIMUR, SULAWESI SELATAN",3,84,57,141
https://kawalpemilu.org#68672,"TAMBALE, MAMOSALATO, MOROWALI UTARA, SULAWESI TENGAH",1,87,40,127
https://kawalpemilu.org#68093,"DALAKA, SINDUE, DONGGALA, SULAWESI TENGAH",2,48,156,204
https://kawalpemilu.org#67663,"TEKU, BALANTAK UTARA, BANGGAI, SULAWESI TENGAH",1,73,83,156
https://kawalpemilu.org#68512,"WOOM PARIGI, BUNGKU UTARA, MOROWALI UTARA, SULAWESI TENGAH",2,119,49,168
https://kawalpemilu.org#68480,"MOHONI, PETASIA TIMUR, MOROWALI UTARA, SULAWESI TENGAH",2,187,19,206
https://kawalpemilu.org#69218,"TINGKI, WALEA BESAR, TOJO UNA-UNA, SULAWESI TENGAH",1,105,53,158
https://kawalpemilu.org#69152,"MALOTONG, AMPANA KOTA, TOJO UNA-UNA, SULAWESI TENGAH",6,52,127,179
https://kawalpemilu.org#68892,"BANTAYA, PARIGI, PARIGI MOUTONG, SULAWESI TENGAH",8,43,58,101
https://kawalpemilu.org#67400,"OLOBUJU, SIGI BIROMARU, SIGI, SULAWESI TENGAH",2,27,119,146
https://kawalpemilu.org#68953,"SAUSU PAKAREME, SAUSU, PARIGI MOUTONG, SULAWESI TENGAH",2,132,80,212
https://kawalpemilu.org#68817,"TOGONG  SAGU, BANGKURUNG, BANGGAI LAUT, SULAWESI TENGAH",1,98,96,194
https://kawalpemilu.org#69152,"MALOTONG, AMPANA KOTA, TOJO UNA-UNA, SULAWESI TENGAH",2,67,131,198
https://kawalpemilu.org#74651,"BENDE, KADIA, KOTA KENDARI, SULAWESI TENGGARA",35,81,115,196
https://kawalpemilu.org#73441,"WAMBULOLI, MAWASANGKA TIMUR, BUTON TENGAH, SULAWESI TENGGARA",2,86,92,178
https://kawalpemilu.org#928707,"ASAMBU, UNAAHA, KONAWE, SULAWESI TENGGARA",1,46,111,157
https://kawalpemilu.org#73096,"MOKOWU, KONAWE, KONAWE, SULAWESI TENGGARA",2,21,142,163
https://kawalpemilu.org#72933,"ASAO, TONGAUNA, KONAWE, SULAWESI TENGGARA",4,24,180,204
https://kawalpemilu.org#74124,"BALIARA SELATAN, KABAENA BARAT, BOMBANA, SULAWESI TENGGARA",2,73,106,179
https://kawalpemilu.org#72736,"SANI-SANI, SAMATURU, KOLAKA, SULAWESI TENGGARA",2,72,117,189
https://kawalpemilu.org#74264,"PAJAM, KALEDUPA SELATAN, WAKATOBI, SULAWESI TENGGARA",2,77,80,157
https://kawalpemilu.org#73687,"PUUROE, ANGATA, KONAWE SELATAN, SULAWESI TENGGARA",2,88,53,141
https://kawalpemilu.org#73308,"KAWITE WITE, KABAWO, MUNA, SULAWESI TENGGARA",3,122,73,195
https://kawalpemilu.org#65738,"LIBERIA, MODAYAG, BOLAANG MONGONDOW TIMUR, SULAWESI UTARA",3,96,95,191
https://kawalpemilu.org#67323,"KOLONGAN, TOMOHON TENGAH, KOTA TOMOHON, SULAWESI UTARA",2,178,55,233
https://kawalpemilu.org#67201,"TELING ATAS, WANEA, KOTA MANADO, SULAWESI UTARA",7,177,29,206
https://kawalpemilu.org#67280,"GIRIAN BAWAH, GIRIAN, KOTA BITUNG, SULAWESI UTARA",18,105,69,174
https://kawalpemilu.org#66590,"ONGKAW II, SINONSAYANG, MINAHASA SELATAN, SULAWESI UTARA",4,216,8,224
https://kawalpemilu.org#67000,"SOLO, KAIDIPANG, BOLAANG MONGONDOW UTARA, SULAWESI UTARA",2,93,6,99
https://kawalpemilu.org#67132,"MOLAS, BUNAKEN, KOTA MANADO, SULAWESI UTARA",9,175,40,215
https://kawalpemilu.org#67284,"WANGURER, GIRIAN, KOTA BITUNG, SULAWESI UTARA",2,123,94,217
https://kawalpemilu.org#66032,"SIMBEL, KAKAS BARAT, MINAHASA, SULAWESI UTARA",1,213,4,217
https://kawalpemilu.org#928544,"DULANGON, LOLAK, BOLAANG MONGONDOW, SULAWESI UTARA",2,133,81,214
https://kawalpemilu.org#13721,"MATA AIR, PADANG SELATAN, KOTA PADANG, SUMATERA BARAT",32,18,150,168
https://kawalpemilu.org#13101,"TIMBULUN, TANJUNG GADANG, SIJUNJUNG, SUMATERA BARAT",1,7,110,117
https://kawalpemilu.org#13481,"TANJUANG GADANG, LAREH SAGO HALABAN, LIMA PULUH KOTA, SUMATERA BARAT",15,24,148,172
https://kawalpemilu.org#13425,"GUGUAK VIII KOTO, GUGUAK, LIMA PULUH KOTA, SUMATERA BARAT",5,14,124,138
https://kawalpemilu.org#13394,"SUNGAI PUA, SUNGAI PUA, AGAM, SUMATERA BARAT",19,8,187,195
https://kawalpemilu.org#13923,"MANGGIS GANTING, MANDIANGIN KOTO SELAYAN, KOTA BUKITTINGGI, SUMATERA BARAT",9,26,191,217
https://kawalpemilu.org#13521,"SUNDATA, LUBUK SIKAPING, PASAMAN, SUMATERA BARAT",1,9,216,225
https://kawalpemilu.org#84332,"TUIK IV KOTO MUDIEK, BATANG KAPAS, PESISIR SELATAN, SUMATERA BARAT",9,7,97,104
https://kawalpemilu.org#13823,"LUBUK BUAYA, KOTO TANGAH, KOTA PADANG, SUMATERA BARAT",46,31,146,177
https://kawalpemilu.org#13340,"MATUR MUDIAK, MATUR, AGAM, SUMATERA BARAT",8,9,156,165
https://kawalpemilu.org#13186,"III KOTO, RAMBATAN, TANAH DATAR, SUMATERA BARAT",15,12,105,117
https://kawalpemilu.org#13013,"SURIAN, PANTAI CERMIN, SOLOK, SUMATERA BARAT",7,5,161,166
https://kawalpemilu.org#13826,"PARUPUK TABING, KOTO TANGAH, KOTA PADANG, SUMATERA BARAT",24,40,201,241
https://kawalpemilu.org#13516,"TANJUANG BARINGIN, LUBUK SIKAPING, PASAMAN, SUMATERA BARAT",19,12,169,181
https://kawalpemilu.org#84444,"BATU RIJAL, PADANG LAWEH, DHARMASRAYA, SUMATERA BARAT",4,84,104,188
https://kawalpemilu.org#13191,"LIMA KAUM, LIMA KAUM, TANAH DATAR, SUMATERA BARAT",14,17,148,165
https://kawalpemilu.org#84435,"KOTO NAN EMPAT DIBAWUH, SEMBILAN KOTO, DHARMASRAYA, SUMATERA BARAT",1,83,165,248
https://kawalpemilu.org#13606,"MALAKOPA, PAGAI SELATAN, KEPULAUAN MENTAWAI, SUMATERA BARAT",11,138,1,139
https://kawalpemilu.org#13908,"BUKIK CANGANG KAYU RAMANG, GUGUAK PANJANG, KOTA BUKITTINGGI, SUMATERA BARAT",1,22,166,188
https://kawalpemilu.org#13191,"LIMA KAUM, LIMA KAUM, TANAH DATAR, SUMATERA BARAT",19,7,178,185
https://kawalpemilu.org#87285,"AIE TAJUN LUBUK ALUNG, LUBUK ALUNG, PADANG PARIAMAN, SUMATERA BARAT",12,11,90,101
https://kawalpemilu.org#20220,"PULAU KABAI, INDRALAYA UTARA, OGAN ILIR, SUMATERA SELATAN",2,185,45,230
https://kawalpemilu.org#19058,"TANJUNG KERANG, BABAT SUPAT, MUSI BANYUASIN, SUMATERA SELATAN",3,45,135,180
https://kawalpemilu.org#20794,"WONOSARI, PRABUMULIH UTARA, KOTA PRABUMULIH, SUMATERA SELATAN",30,70,98,168
https://kawalpemilu.org#19766,"WINDUSARI, BELITANG JAYA, OGAN KOMERING ULU TIMUR, SUMATERA SELATAN",2,129,79,208
https://kawalpemilu.org#90551,"PENGESTU, MAKARTI JAYA, BANYUASIN, SUMATERA SELATAN",4,99,119,218
https://kawalpemilu.org#20624,"TALANG PUTRI, PLAJU, KOTA PALEMBANG, SUMATERA SELATAN",16,111,99,210
https://kawalpemilu.org#84698,"BABAT RAMBA JAYA, BABAT SUPAT, MUSI BANYUASIN, SUMATERA SELATAN",1,48,126,174
https://kawalpemilu.org#20544,"SIRING AGUNG, ILIR BARAT I, KOTA PALEMBANG, SUMATERA SELATAN",31,79,133,212
https://kawalpemilu.org#17603,"SUKARAJA, PEDAMARAN, OGAN KOMERING ILIR, SUMATERA SELATAN",3,117,92,209
https://kawalpemilu.org#18164,"SUKA DANA, SUNGAI ROTAN, MUARA ENIM, SUMATERA SELATAN",2,52,176,228
https://kawalpemilu.org#20541,"BUKIT LAMA, ILIR BARAT I, KOTA PALEMBANG, SUMATERA SELATAN",53,0,0,0
https://kawalpemilu.org#20576,"KEBUN BUNGA, SUKARAMI, KOTA PALEMBANG, SUMATERA SELATAN",41,81,130,211
https://kawalpemilu.org#19947,"SIDO RAHAYU, BUAY PEMACA, OGAN KOMERING ULU SELATAN, SUMATERA SELATAN",8,144,12,156
https://kawalpemilu.org#19839,"BANDAR AGUNG RANAU, BANDING AGUNG, OGAN KOMERING ULU SELATAN, SUMATERA SELATAN",4,73,136,209
https://kawalpemilu.org#18650,"WIDODO, TUGUMULYO, MUSI RAWAS, SUMATERA SELATAN",2,66,201,267
https://kawalpemilu.org#18052,"PULAU PANGGUNG, SEMENDE DARAT LAUT, MUARA ENIM, SUMATERA SELATAN",9,60,156,216
https://kawalpemilu.org#20650,"TUMBAK ULAS, PAGAR ALAM SELATAN, KOTA PAGAR ALAM, SUMATERA SELATAN",6,70,105,175
https://kawalpemilu.org#20716,"PETANANG ULU, LUBUK LINGGAU UTARA I, KOTA LUBUKLINGGAU, SUMATERA SELATAN",2,75,117,192
https://kawalpemilu.org#20617,"OGAN BARU, KERTAPATI, KOTA PALEMBANG, SUMATERA SELATAN",47,82,75,157
https://kawalpemilu.org#17441,"BUNGLAI, KEDATON PENINJAUAN RAYA, OGAN KOMERING ULU, SUMATERA SELATAN",8,17,86,1
https://kawalpemilu.org#17992,"TALANG UBI TIMUR, TALANG UBI, PENUKAL ABAB LEMATANG ILIR, SUMATERA SELATAN",18,96,105,201
https://kawalpemilu.org#17560,"MARGA BAKTI, SINAR PENINJAUAN, OGAN KOMERING ULU, SUMATERA SELATAN",10,85,96,181
https://kawalpemilu.org#18032,"TALANG TALING, GELUMBANG, MUARA ENIM, SUMATERA SELATAN",10,119,103,222
https://kawalpemilu.org#20169,"MUARA DUA, PEMULUTAN, OGAN ILIR, SUMATERA SELATAN",3,92,158,250
https://kawalpemilu.org#18327,"TANJUNG TELANG, MERAPI BARAT, LAHAT, SUMATERA SELATAN",1,51,202,253
https://kawalpemilu.org#89415,"SAUNG NAGA, BATURAJA BARAT, OGAN KOMERING ULU, SUMATERA SELATAN",1,21,129,150
https://kawalpemilu.org#17840,"BALIAN, MESUJI RAYA, OGAN KOMERING ILIR, SUMATERA SELATAN",10,117,49,166
https://kawalpemilu.org#20541,"BUKIT LAMA, ILIR BARAT I, KOTA PALEMBANG, SUMATERA SELATAN",81,40,90,130
https://kawalpemilu.org#18301,"TANJUNG BERINGIN, KOTA AGUNG, LAHAT, SUMATERA SELATAN",1,93,135,228
https://kawalpemilu.org#17882,"MULYAGUNA, TELUK GELAM, OGAN KOMERING ILIR, SUMATERA SELATAN",11,87,68,155
https://kawalpemilu.org#18344,"PASAR BARU, LAHAT, LAHAT, SUMATERA SELATAN",13,76,61,137
https://kawalpemilu.org#18657,"SITI HARJO, TUGUMULYO, MUSI RAWAS, SUMATERA SELATAN",1,64,180,244
https://kawalpemilu.org#7090,"FADORO BAHILI, MANDREHE, NIAS BARAT, SUMATERA UTARA",2,142,5,147
https://kawalpemilu.org#12430,"PURBA SINOMBA, PADANG BOLAK, PADANG LAWAS UTARA, SUMATERA UTARA",2,16,196,212
https://kawalpemilu.org#7183,"AFIA, GUNUNGSITOLI UTARA, KOTA GUNUNGSITOLI, SUMATERA UTARA",4,201,7,208
https://kawalpemilu.org#6841,"BABUSSALAM, MARBAU, LABUHANBATU UTARA, SUMATERA UTARA",3,43,174,217
https://kawalpemilu.org#9362,"PEMATANG BANDAR, PEMATANG BANDAR, SIMALUNGUN, SUMATERA UTARA",1,102,84,186
https://kawalpemilu.org#10508,"PASAR BARU BATAHAN, BATAHAN, MANDAILING NATAL, SUMATERA UTARA",2,11,153,164
https://kawalpemilu.org#11792,"MABAR HILIR, MEDAN DELI, KOTA MEDAN, SUMATERA UTARA",6,53,169,222
https://kawalpemilu.org#11038,"KUTA DAME, KERAJAAN, PAKPAK BHARAT, SUMATERA UTARA",7,129,40,169
https://kawalpemilu.org#9335,"MANCUK, HUTA BAYU RAJA, SIMALUNGUN, SUMATERA UTARA",3,149,67,216
https://kawalpemilu.org#6835,"PULO BARGOT, MARBAU, LABUHANBATU UTARA, SUMATERA UTARA",3,62,124,186
https://kawalpemilu.org#9887,"ADIAN NANGKA, SIEMPAT NEMPU, DAIRI, SUMATERA UTARA",3,200,15,215
https://kawalpemilu.org#8844,"MBARUAI, SIBIRU-BIRU, DELI SERDANG, SUMATERA UTARA",3,142,24,166
https://kawalpemilu.org#8120,"PERK.BANDAR TELU, SALAPIAN, LANGKAT, SUMATERA UTARA",3,106,97,203
https://kawalpemilu.org#87799,"INDRA YAMAN, TALAWI, BATU BARA, SUMATERA UTARA",11,30,139,169
https://kawalpemilu.org#12890,"HANDIO, SOSA, PADANG LAWAS, SUMATERA UTARA",3,32,185,217
https://kawalpemilu.org#11970,"BAH SORMA, SIANTAR SITALASARI, KOTA PEMATANGSIANTAR, SUMATERA UTARA",7,118,19,137
https://kawalpemilu.org#8418,"SAMURA, KABANJAHE, KARO, SUMATERA UTARA",6,149,69,218
https://kawalpemilu.org#12494,"RONDAMAN DOLOK, PORTIBI, PADANG LAWAS UTARA, SUMATERA UTARA",1,8,179,187
https://kawalpemilu.org#11874,"BABURA, MEDAN BARU, KOTA MEDAN, SUMATERA UTARA",12,104,94,198
https://kawalpemilu.org#9123,"KARANG BANGUN, SIANTAR, SIMALUNGUN, SUMATERA UTARA",16,84,92,176
https://kawalpemilu.org#11341,"PANAMPANGAN, PANGURURAN, SAMOSIR, SUMATERA UTARA",2,150,4,154
https://kawalpemilu.org#11379,"CELAWAN, PANTAI CERMIN, SERDANG BEDAGAI, SUMATERA UTARA",19,54,124,178
https://kawalpemilu.org#9053,"LUBUK PAKAM III, LUBUK PAKAM, DELI SERDANG, SUMATERA UTARA",2,202,34,236
https://kawalpemilu.org#11762,"TANJUNG REJO, MEDAN SUNGGAL, KOTA MEDAN, SUMATERA UTARA",7,45,32,77
https://kawalpemilu.org#11701,"PULAUSEJUK, LIMA PULUH, BATU BARA, SUMATERA UTARA",7,97,61,158
https://kawalpemilu.org#929247,"SIHAPORAS NAULI, PANDAN, TAPANULI TENGAH, SUMATERA UTARA",2,155,37,192
https://kawalpemilu.org#12111,"BANDAR SAKTI, BAJENIS, KOTA TEBING TINGGI, SUMATERA UTARA",5,93,100,193
https://kawalpemilu.org#9699,"PANCA ARGA, RAWANG PANCA ARGA, ASAHAN, SUMATERA UTARA",5,64,87,151
https://kawalpemilu.org#12678,"AEK NABARA TONGA, AEK NABARA BARUMUN, PADANG LAWAS, SUMATERA UTARA",4,39,80,119
https://kawalpemilu.org#7527,"LONTUNG DOLOK, PAHAE JULU, TAPANULI UTARA, SUMATERA UTARA",1,151,16,167
https://kawalpemilu.org#11883,"SEI KERAH HILIR II, MEDAN PERJUANGAN, KOTA MEDAN, SUMATERA UTARA",8,32,175,207
https://kawalpemilu.org#7669,"GAROGA SIBARGOT, GAROGA, TAPANULI UTARA, SUMATERA UTARA",9,129,6,135
https://kawalpemilu.org#9002,"PAYA BAKUNG, HAMPARAN PERAK, DELI SERDANG, SUMATERA UTARA",9,66,103,169
https://kawalpemilu.org#11850,"TANGKAHAN, MEDAN LABUHAN, KOTA MEDAN, SUMATERA UTARA",40,155,109,264
https://kawalpemilu.org#11035,"SUKARAMAI, KERAJAAN, PAKPAK BHARAT, SUMATERA UTARA",2,48,107,155
https://kawalpemilu.org#7754,"PASAR SIPIROK, SIPIROK, TAPANULI SELATAN, SUMATERA UTARA",8,9,117,126
https://kawalpemilu.org#9026,"TEMBUNG, PERCUT SEI TUAN, DELI SERDANG, SUMATERA UTARA",169,9,120,129
https://kawalpemilu.org#9940,"SILUMBOYAH, SIEMPAT NEMPU HULU, DAIRI, SUMATERA UTARA",6,153,11,164
https://kawalpemilu.org#9616,"TEBING KISARAN, KOTA KISARAN BARAT, ASAHAN, SUMATERA UTARA",6,108,105,213
https://kawalpemilu.org#11939,"KAHEAN, SIANTAR UTARA, KOTA PEMATANGSIANTAR, SUMATERA UTARA",10,188,5,193
https://kawalpemilu.org#11856,"TEMBUNG, MEDAN TEMBUNG, KOTA MEDAN, SUMATERA UTARA",11,24,170,194
https://kawalpemilu.org#11840,"RENGAS PULAU, MEDAN MARELAN, KOTA MEDAN, SUMATERA UTARA",114,36,147,183
https://kawalpemilu.org#8255,"PEKAN TJ. PURA, TANJUNG PURA, LANGKAT, SUMATERA UTARA",20,84,110,194
https://kawalpemilu.org#12437,"TANJUNG TIRAM, PADANG BOLAK, PADANG LAWAS UTARA, SUMATERA UTARA",2,28,146,174
https://kawalpemilu.org#6793,"KUALA BERINGIN, KUALUH HULU, LABUHANBATU UTARA, SUMATERA UTARA",7,68,118,186
https://kawalpemilu.org#6876,"GUNTING SAGA, KUALUH SELATAN, LABUHANBATU UTARA, SUMATERA UTARA",8,31,95,126
https://kawalpemilu.org#12572,"PASAR LANCAT UB, UJUNG BATU, PADANG LAWAS UTARA, SUMATERA UTARA",1,96,110,206
https://kawalpemilu.org#8305,"BRANDAN TIMUR BARU, BABALAN, LANGKAT, SUMATERA UTARA",18,16,42,58
https://kawalpemilu.org#11852,"INDRA KASIH, MEDAN TEMBUNG, KOTA MEDAN, SUMATERA UTARA",5,47,91,138
https://kawalpemilu.org#11835,"PANGKALAN MANSUR, MEDAN JOHOR, KOTA MEDAN, SUMATERA UTARA",117,32,165,197
https://kawalpemilu.org#6883,"BANDAR LAMA, KUALUH SELATAN, LABUHANBATU UTARA, SUMATERA UTARA",9,43,86,129
https://kawalpemilu.org#9697,"RAWANG PASAR V, RAWANG PANCA ARGA, ASAHAN, SUMATERA UTARA",3,25,148,173
https://kawalpemilu.org#9312,"SILENDUK, DOLOK BATU NANGGAR, SIMALUNGUN, SUMATERA UTARA",3,157,80,237
